kuupäev;vooluhulk_m3s;veetase_cm;veetemp_c;valideeritud
2019-12-01;3,96;70;1;jah
2019-12-02;3,4;64;0,6;jah
2019-12-03;2,9;59;0,3;jah
2019-12-04;2,86;59;0,9;jah
2019-12-05;3,57;67;2,4;jah
2019-12-06;4,67;78;3,5;jah
2019-12-07;6,67;99;4,2;jah
2019-12-08;7,89;111;3,9;jah
2019-12-09;9,12;124;4;jah
2019-12-10;10,5;138;4,1;jah
2019-12-11;11,2;144;2,9;jah
2019-12-12;10,6;139;1,7;jah
2019-12-13;9,41;128;1,9;jah
2019-12-14;8,35;118;2,5;jah
2019-12-15;7,67;111;2,8;jah
2019-12-16;7,54;110;3,1;jah
2019-12-17;8,11;116;3,6;jah
2019-12-18;8,65;122;4,2;jah
2019-12-19;9,29;129;4;jah
2019-12-20;9,48;131;3,3;jah
2019-12-21;9,12;127;3,4;jah
2019-12-22;8,61;122;3,8;jah
2019-12-23;8,09;117;4,4;jah
2019-12-24;7,57;112;4,8;jah
2019-12-25;7,19;108;4,9;jah
2019-12-26;7,01;106;4,3;jah
2019-12-27;6,81;104;3,5;jah
2019-12-28;6,42;100;2,4;jah
2019-12-29;5,85;94;1,3;jah
2019-12-30;5,55;91;2,3;jah
2019-12-31;5,8;94;3,2;jah
2020-01-01;5,78;93;2,6;jah
2020-01-02;5,54;91;2,6;jah
2020-01-03;5,41;90;3,5;jah
2020-01-04;5,43;90;3,2;jah
2020-01-05;5,46;90;2,2;jah
2020-01-06;5,22;88;1,6;jah
2020-01-07;5,32;89;2,4;jah
2020-01-08;6,44;101;3,3;jah
2020-01-09;7,43;112;3,3;jah
2020-01-10;7,29;110;3,2;jah
2020-01-11;6,75;105;2,6;jah
2020-01-12;6,91;107;2,6;jah
2020-01-13;8,84;127;3,3;jah
2020-01-14;9,07;129;3,3;jah
2020-01-15;9,3;132;3,8;jah
2020-01-16;11,7;155;4,7;jah
2020-01-17;13,5;170;4,5;jah
2020-01-18;13,4;169;3,6;jah
2020-01-19;12,2;159;3,5;jah
2020-01-20;10,9;147;3,3;jah
2020-01-21;9,97;138;3,6;jah
2020-01-22;9,31;132;3,2;jah
2020-01-23;8,52;124;2,2;jah
2020-01-24;7,93;118;2,5;jah
2020-01-25;7,6;114;2,8;jah
2020-01-26;7,13;109;2,5;jah
2020-01-27;6,95;107;3,5;jah
2020-01-28;6,86;106;4,1;jah
2020-01-29;6,72;105;3,7;jah
2020-01-30;6,71;105;3,3;jah
2020-01-31;6,79;106;3,3;jah
2020-02-01;6,86;107;3,3;jah
2020-02-02;8,45;124;3,6;jah
2020-02-03;10,1;140;3,6;jah
2020-02-04;9,94;138;1,8;jah
2020-02-05;8,52;124;0,7;jah
2020-02-06;7,69;115;1,1;jah
2020-02-07;6,48;102;0,6;jah
2020-02-08;6,33;101;1,4;jah
2020-02-09;6,23;99;2,4;jah
2020-02-10;6,99;108;2,6;jah
2020-02-11;10,2;140;2,7;jah
2020-02-12;12,2;158;2,7;jah
2020-02-13;12,6;161;3;jah
2020-02-14;12;156;2,7;jah
2020-02-15;11;146;2,1;jah
2020-02-16;10,3;140;2,6;jah
2020-02-17;12,3;158;3,9;jah
2020-02-18;14,3;175;4,3;jah
2020-02-19;14,6;177;4,3;jah
2020-02-20;13,9;171;4;jah
2020-02-21;12,8;161;3,4;jah
2020-02-22;12,5;158;3,4;jah
2020-02-23;15,8;185;3,3;jah
2020-02-24;17,4;196;2,8;jah
2020-02-25;18;200;1,7;jah
2020-02-26;17,9;199;1;jah
2020-02-27;17,1;192;0,8;jah
2020-02-28;15,6;181;1,1;jah
2020-02-29;13,8;166;0,7;jah
2020-03-01;12,6;155;1,4;jah
2020-03-02;12,2;152;2,3;jah
2020-03-03;12,3;153;2,8;jah
2020-03-04;13,3;161;3,2;jah
2020-03-05;16,3;184;3,1;jah
2020-03-06;17,9;195;3,3;jah
2020-03-07;18,3;198;3,1;jah
2020-03-08;18,3;198;3,3;jah
2020-03-09;17,7;194;3,2;jah
2020-03-10;16,5;185;3,6;jah
2020-03-11;15,3;176;4,2;jah
2020-03-12;15,4;177;4,3;jah
2020-03-13;16,5;185;4,2;jah
2020-03-14;16,9;188;3;jah
2020-03-15;16,6;186;2;jah
2020-03-16;15,8;179;2,3;jah
2020-03-17;15;173;2,4;jah
2020-03-18;14,8;172;3,7;jah
2020-03-19;15,4;177;4,5;jah
2020-03-20;15,5;177;4,3;jah
2020-03-21;14,7;171;3,3;jah
2020-03-22;13,2;158;2,5;jah
2020-03-23;11,8;145;2,4;jah
2020-03-24;10,9;137;2,9;jah
2020-03-25;10,3;132;3,7;jah
2020-03-26;9,91;128;4,4;jah
2020-03-27;9,47;123;4,6;jah
2020-03-28;9,17;120;4,9;jah
2020-03-29;8,84;117;5;jah
2020-03-30;8,33;112;3,7;jah
2020-03-31;7,9;107;3;jah
2020-04-01;7,82;107;3,7;jah
2020-04-02;7,91;107;4,5;jah
2020-04-03;8,07;109;4,5;jah
2020-04-04;8,15;109;4,1;jah
2020-04-05;7,75;105;4,3;jah
2020-04-06;7,37;102;5,1;jah
2020-04-07;7,19;100;6,1;jah
2020-04-08;7,07;98;7,2;jah
2020-04-09;6,85;96;7,2;jah
2020-04-10;6,58;93;6,5;jah
2020-04-11;6,3;90;5,9;jah
2020-04-12;6,22;90;5,3;jah
2020-04-13;6,53;93;5,6;jah
2020-04-14;6,7;94;5,5;jah
2020-04-15;7;97;4,9;jah
2020-04-16;8,28;109;5,2;jah
2020-04-17;9,73;123;5,2;jah
2020-04-18;9,43;119;5,4;jah
2020-04-19;8,56;111;5,9;jah
2020-04-20;7,84;104;6,9;jah
2020-04-21;7,33;99;8;jah
2020-04-22;6,91;95;8,4;jah
2020-04-23;6,62;92;8,8;jah
2020-04-24;6,38;89;8,6;jah
2020-04-25;6,13;87;7,9;jah
2020-04-26;5,87;84;7,5;jah
2020-04-27;5,67;83;7,7;jah
2020-04-28;5,55;82;7;jah
2020-04-29;6,36;90;6,1;jah
2020-04-30;6,41;90;6,1;jah
2020-05-01;6,02;87;6,8;jah
2020-05-02;5,75;84;8,1;jah
2020-05-03;5,86;85;9,4;jah
2020-05-04;5,62;83;9,9;jah
2020-05-05;5,32;81;9,9;jah
2020-05-06;5,08;78;10,5;jah
2020-05-07;4,86;77;10,4;jah
2020-05-08;4,62;74;10;jah
2020-05-09;4,48;73;10,3;jah
2020-05-10;4,36;72;11;jah
2020-05-11;4,35;72;10,4;jah
2020-05-12;4,75;76;9;jah
2020-05-13;4,51;74;8,4;jah
2020-05-14;4,53;74;8,2;jah
2020-05-15;4,39;73;8,5;jah
2020-05-16;4,45;74;8,7;jah
2020-05-17;4,62;75;8,3;jah
2020-05-18;5,04;80;8,3;jah
2020-05-19;4,9;78;8,9;jah
2020-05-20;4,62;75;9,2;jah
2020-05-21;4,38;73;9,1;jah
2020-05-22;4,21;71;10,1;jah
2020-05-23;4;70;11,4;jah
2020-05-24;3,92;69;11,8;jah
2020-05-25;3,86;68;12,1;jah
2020-05-26;3,71;67;13;jah
2020-05-27;3,53;66;13,6;jah
2020-05-28;3,45;66;14;jah
2020-05-29;3,32;66;13,8;jah
2020-05-30;3,16;65;13,7;jah
2020-05-31;3,02;65;14,1;jah
2020-06-01;2,89;64;13,8;jah
2020-06-02;2,86;65;13,3;jah
2020-06-03;2,77;65;13,5;jah
2020-06-04;2,74;66;13,8;jah
2020-06-05;3,24;74;13,8;jah
2020-06-06;3,46;78;14;jah
2020-06-07;3,21;76;14,2;jah
2020-06-08;3,18;78;14,7;jah
2020-06-09;4,36;96;15,1;jah
2020-06-10;4,26;96;15,3;jah
2020-06-11;3,73;90;15,5;jah
2020-06-12;3,37;86;16,2;jah
2020-06-13;3,06;83;16,6;jah
2020-06-14;2,8;80;16,8;jah
2020-06-15;2,68;79;17;jah
2020-06-16;2,72;81;17,3;jah
2020-06-17;2,68;81;17,9;jah
2020-06-18;2,61;81;19,4;jah
2020-06-19;2,6;82;20,1;jah
2020-06-20;3,36;96;19;jah
2020-06-21;3,15;94;18;jah
2020-06-22;2,82;90;17,8;jah
2020-06-23;2,61;87;18,2;jah
2020-06-24;2,46;86;18,6;jah
2020-06-25;2,35;85;19,2;jah
2020-06-26;2,27;86;19,7;jah
2020-06-27;2,21;86;20;jah
2020-06-28;2,15;87;20,5;jah
2020-06-29;2,09;88;20,1;jah
2020-06-30;2,26;94;19;jah
2020-07-01;3,25;114;17,1;jah
2020-07-02;4,13;129;16,4;jah
2020-07-03;3,85;127;16,5;jah
2020-07-04;3,25;118;16,4;jah
2020-07-05;3,01;114;16,3;jah
2020-07-06;3,45;121;16,2;jah
2020-07-07;3,49;122;15,9;jah
2020-07-08;3,15;116;15,5;jah
2020-07-09;2,9;112;15,1;jah
2020-07-10;2,82;111;14,6;jah
2020-07-11;2,76;110;14,5;jah
2020-07-12;2,7;109;14,7;jah
2020-07-13;2,64;108;14,9;jah
2020-07-14;2,58;107;15;jah
2020-07-15;2,46;104;15,3;jah
2020-07-16;2,32;102;15,6;jah
2020-07-17;2,22;100;16,3;jah
2020-07-18;2,17;99;17,2;jah
2020-07-19;2,07;97;17,6;jah
2020-07-20;2,01;95;18;jah
2020-07-21;1,99;95;17,9;jah
2020-07-22;1,98;95;17,1;jah
2020-07-23;1,94;94;16,3;jah
2020-07-24;1,99;95;15,6;jah
2020-07-25;2,22;99;15,6;jah
2020-07-26;2,4;103;15,6;jah
2020-07-27;2,21;99;16,3;jah
2020-07-28;2,05;95;16,9;jah
2020-07-29;1,98;94;17;jah
2020-07-30;2,13;97;16,4;jah
2020-07-31;2,38;102;16,2;jah
2020-08-01;2,32;100;15,9;jah
2020-08-02;2,17;97;15,8;jah
2020-08-03;2,03;94;15,7;jah
2020-08-04;2,09;95;15,6;jah
2020-08-05;2,54;104;15,7;jah
2020-08-06;2,79;108;16;jah
2020-08-07;2,52;103;16,6;jah
2020-08-08;2,33;99;17,2;jah
2020-08-09;2,18;96;17,7;jah
2020-08-10;2,05;93;18,1;jah
2020-08-11;1,93;90;17,1;jah
2020-08-12;1,81;88;16,3;jah
2020-08-13;1,85;88;15,5;jah
2020-08-14;2,43;100;15,5;jah
2020-08-15;2,64;103;15,7;jah
2020-08-16;2,43;99;16,2;jah
2020-08-17;2,27;96;16,2;jah
2020-08-18;2,11;92;16,2;jah
2020-08-19;1,99;89;16,3;jah
2020-08-20;1,89;87;16;jah
2020-08-21;1,83;85;16,2;jah
2020-08-22;1,8;84;15,8;jah
2020-08-23;1,97;88;16,2;jah
2020-08-24;2,2;92;16,1;jah
2020-08-25;2,12;90;15,6;jah
2020-08-26;1,99;88;15;jah
2020-08-27;1,84;86;14,5;jah
2020-08-28;1,77;86;13,6;jah
2020-08-29;1,73;85;13,1;jah
2020-08-30;1,78;86;13,3;jah
2020-08-31;1,92;88;13,1;jah
2020-09-01;1,93;88;13,3;jah
2020-09-02;1,84;86;13,2;jah
2020-09-03;1,78;84;13,4;jah
2020-09-04;1,93;87;13,5;jah
2020-09-05;2,07;89;14;jah
2020-09-06;2,19;91;14;jah
2020-09-07;2,35;94;13,5;jah
2020-09-08;2,43;95;12,8;jah
2020-09-09;3,36;111;12,5;jah
2020-09-10;4,32;124;12,5;jah
2020-09-11;4,73;128;12,1;jah
2020-09-12;4,47;123;11,8;jah
2020-09-13;4,03;116;12;jah
2020-09-14;3,66;109;12,4;jah
2020-09-15;3,33;102;12,6;jah
2020-09-16;3,29;100;13;jah
2020-09-17;3,22;98;12,4;jah
2020-09-18;3,06;94;11,6;jah
2020-09-19;2,93;91;11,1;jah
2020-09-20;2,81;88;10,5;jah
2020-09-21;2,73;85;10,8;jah
2020-09-22;2,62;82;11,4;jah
2020-09-23;2,54;80;11,5;jah
2020-09-24;2,47;78;11,9;jah
2020-09-25;2,45;76;12,3;jah
2020-09-26;2,43;75;12,6;jah
2020-09-27;2,47;75;12,6;jah
2020-09-28;2,28;71;12,4;jah
2020-09-29;2,17;68;12,3;jah
2020-09-30;2,12;67;12,2;jah
2020-10-01;2,12;66;11,7;jah
2020-10-02;2,1;65;11,2;jah
2020-10-03;2,05;63;11;jah
2020-10-04;1,97;61;11;jah
2020-10-05;1,96;61;11,2;jah
2020-10-06;2,04;62;11,8;jah
2020-10-07;1,99;61;11,5;jah
2020-10-08;1,87;59;11,4;jah
2020-10-09;2,04;62;11;jah
2020-10-10;1,81;58;10,3;jah
2020-10-11;1,73;57;10,3;jah
2020-10-12;1,74;57;9,9;jah
2020-10-13;1,75;57;9,7;jah
2020-10-14;1,58;54;8,8;jah
2020-10-15;1,76;58;7,9;jah
2020-10-16;1,44;52;7,4;jah
2020-10-17;1,3;49;6,8;jah
2020-10-18;1,28;49;6,4;jah
2020-10-19;1,4;51;5,7;jah
2020-10-20;1,62;55;5;jah
2020-10-21;1,79;58;4,8;jah
2020-10-22;2,14;64;5,8;jah
2020-10-23;3,81;88;7,6;jah
2020-10-24;4,29;94;7,9;jah
2020-10-25;4;90;7,8;jah
2020-10-26;3,72;86;7,8;jah
2020-10-27;3,42;81;8,4;jah
2020-10-28;3,72;85;8,8;jah
2020-10-29;4,71;97;8,8;jah
2020-10-30;4,65;95;8,6;jah
2020-10-31;4,22;89;8,1;jah
2020-11-01;3,72;81;7,5;jah
2020-11-02;3,41;77;7,1;jah
2020-11-03;3,29;74;7,5;jah
2020-11-04;3,27;73;7,6;jah
2020-11-05;3,63;77;7,3;jah
2020-11-06;3,62;76;6,9;jah
2020-11-07;3,44;74;6,7;jah
2020-11-08;3,34;72;6,9;jah
2020-11-09;3,42;72;5,9;jah
2020-11-10;3,34;71;5,2;jah
2020-11-11;3,14;69;5,1;jah
2020-11-12;2,99;67;5,1;jah
2020-11-13;2,81;65;5,1;jah
2020-11-14;2,65;64;4,8;jah
2020-11-15;2,53;62;4,5;jah
2020-11-16;2,41;61;4,3;jah
2020-11-17;2,4;61;4,5;jah
2020-11-18;2,88;68;5,4;jah
2020-11-19;4,18;85;6,9;jah
2020-11-20;5,93;107;6,2;jah
2020-11-21;6,27;111;4,5;jah
2020-11-22;7,28;124;4,1;jah
2020-11-23;8,77;140;4,6;jah
2020-11-24;8,43;137;4,6;jah
2020-11-25;7,55;126;4,5;jah
2020-11-26;7,12;121;5,2;jah
2020-11-27;7,49;124;5,2;jah
2020-11-28;7,53;123;4,3;jah
2020-11-29;7,06;116;4;jah
2020-11-30;6,58;110;3,5;jah
2020-12-01;6,31;106;3,2;jah
2020-12-02;5,96;101;2,9;jah
2020-12-03;5,59;97;2,4;jah
2020-12-04;5,3;92;2,4;jah
2020-12-05;5,15;90;2,8;jah
2020-12-06;5,04;88;3,3;jah
2020-12-07;4,86;85;2,4;jah
2020-12-08;4,61;77;0,7;jah
2020-12-09;4,45;79;0,1;jah
2020-12-10;4,28;88;0,1;jah
2020-12-11;4,11;86;0,1;jah
2020-12-12;3,93;74;0,4;jah
2020-12-13;3,76;69;0,9;jah
2020-12-14;3,52;66;1,1;jah
2020-12-15;3,46;65;1,5;jah
2020-12-16;3,51;66;1,8;jah
2020-12-17;3,6;68;2,4;jah
2020-12-18;3,97;72;2,8;jah
2020-12-19;5,13;85;3;jah
2020-12-20;6,34;97;3,3;jah
2020-12-21;6,66;101;3;jah
2020-12-22;6,64;101;2,8;jah
2020-12-23;6,7;102;2,7;jah
2020-12-24;6,85;105;2,9;jah
2020-12-25;7,95;116;3;jah
2020-12-26;8,29;120;2,5;jah
2020-12-27;7,62;114;2;jah
2020-12-28;6,71;105;1,4;jah
2020-12-29;6,08;99;1,6;jah
2020-12-30;5,9;97;2;jah
2020-12-31;6,6;104;2,4;jah
2021-01-01;6,86;107;2,7;jah
2021-01-02;6,78;106;2,7;jah
2021-01-03;6,58;104;2,4;jah
2021-01-04;6,21;100;2,2;jah
2021-01-05;5,87;97;2,1;jah
2021-01-06;5,52;93;1,9;jah
2021-01-07;5,22;90;1,8;jah
2021-01-08;4,98;87;1,6;jah
2021-01-09;4,54;82;0,8;jah
2021-01-10;4,13;78;0,5;jah
2021-01-11;4,1;78;0,6;jah
2021-01-12;4,11;78;0,6;jah
2021-01-13;3,98;76;0,4;jah
2021-01-14;3,93;79;0,1;jah
2021-01-15;4,03;83;0,1;jah
2021-01-16;4,14;90;0,1;jah
2021-01-17;4,25;101;0,1;jah
2021-01-18;4,36;110;0,1;jah
2021-01-19;4,47;106;0,1;jah
2021-01-20;4,58;94;0,1;jah
2021-01-21;4,69;90;0,1;jah
2021-01-22;4,81;87;0,1;jah
2021-01-23;4,85;86;0,1;jah
2021-01-24;5,23;90;0,1;jah
2021-01-25;6,02;98;1;jah
2021-01-26;5,93;97;1,6;jah
2021-01-27;5,9;97;1,8;jah
2021-01-28;5,97;98;1,9;jah
2021-01-29;5,95;97;1,6;jah
2021-01-30;5,9;97;1,2;jah
2021-01-31;5,59;94;0,8;jah
2021-02-01;5,3;90;0,6;jah
2021-02-02;5,09;88;0,8;jah
2021-02-03;4,71;84;0,5;jah
2021-02-04;4,57;86;0,1;jah
2021-02-05;4,55;86;0,1;jah
2021-02-06;4,54;99;0,1;jah
2021-02-07;4,52;113;0,1;jah
2021-02-08;4,51;119;0,1;jah
2021-02-09;4,5;111;0,1;jah
2021-02-10;4,48;105;0,1;jah
2021-02-11;4,47;98;0,1;jah
2021-02-12;4,46;93;0,1;jah
2021-02-13;4,44;90;0,1;jah
2021-02-14;4,43;87;0,1;jah
2021-02-15;4,42;84;0,1;jah
2021-02-16;4,4;83;0,1;jah
2021-02-17;4,39;81;0,1;jah
2021-02-18;4,38;73;0,1;jah
2021-02-19;4,36;78;0,1;jah
2021-02-20;4,36;81;0,1;jah
2021-02-21;4,41;81;0,1;jah
2021-02-22;4,61;83;0,1;jah
2021-02-23;4,62;83;0,1;jah
2021-02-24;4,67;83;0,1;jah
2021-02-25;7,21;110;0,1;jah
2021-02-26;12,8;161;0,5;jah
2021-02-27;14,4;173;1,1;jah
2021-02-28;14;170;1,5;jah
2021-03-01;13,6;166;1,8;jah
2021-03-02;13,1;163;2,1;jah
2021-03-03;12,5;158;2;jah
2021-03-04;12;153;2,2;jah
2021-03-05;11,1;145;1,2;jah
2021-03-06;9,63;132;0,8;jah
2021-03-07;9,08;127;0,8;jah
2021-03-08;8,32;119;0,8;jah
2021-03-09;6,92;106;0,4;jah
2021-03-10;6,67;106;0,1;jah
2021-03-11;6,69;109;0,1;jah
2021-03-12;6,76;104;0,6;jah
2021-03-13;7,01;105;1,6;jah
2021-03-14;8,35;118;2,1;jah
2021-03-15;11,7;149;2,1;jah
2021-03-16;13,6;163;2;jah
2021-03-17;13,4;161;2,1;jah
2021-03-18;12,5;153;2,5;jah
2021-03-19;11,2;142;1,8;jah
2021-03-20;9,67;128;0,9;jah
2021-03-21;9,25;124;1,6;jah
2021-03-22;8,74;119;2;jah
2021-03-23;8,03;112;1,9;jah
2021-03-24;7,83;110;2,6;jah
2021-03-25;8,44;115;3,5;jah
2021-03-26;10,2;131;3,8;jah
2021-03-27;11,7;144;3,4;jah
2021-03-28;12,6;150;3,7;jah
2021-03-29;13,1;154;3,6;jah
2021-03-30;14,2;162;4,2;jah
2021-03-31;15,6;173;4,3;jah
2021-04-01;16,3;178;4,2;jah
2021-04-02;16,3;178;4;jah
2021-04-03;15,3;171;3,8;jah
2021-04-04;13,6;157;3,9;jah
2021-04-05;12,2;147;4,1;jah
2021-04-06;12,5;150;3,4;jah
2021-04-07;12,7;151;3,5;jah
2021-04-08;11,9;145;4;jah
2021-04-09;11;137;3,8;jah
2021-04-10;13;154;4,1;jah
2021-04-11;14,1;163;4,6;jah
2021-04-12;13,8;160;6;jah
2021-04-13;12,5;149;6,8;jah
2021-04-14;11,3;138;6,2;jah
2021-04-15;10,3;129;6,2;jah
2021-04-16;9,44;122;6,1;jah
2021-04-17;8,72;115;6,8;jah
2021-04-18;8,16;110;7,7;jah
2021-04-19;7,68;106;8,2;jah
2021-04-20;7,27;102;8,6;jah
2021-04-21;6,98;99;8,4;jah
2021-04-22;6,76;97;7,9;jah
2021-04-23;6,48;95;7,5;jah
2021-04-24;6,39;94;6,9;jah
2021-04-25;6,58;96;6,3;jah
2021-04-26;6,68;97;6,1;jah
2021-04-27;7,08;101;6,1;jah
2021-04-28;7,24;102;6,2;jah
2021-04-29;6,91;99;6,6;jah
2021-04-30;6,5;95;7,4;jah
2021-05-01;6,16;92;7,2;jah
2021-05-02;5,78;88;7;jah
2021-05-03;5,45;85;6,5;jah
2021-05-04;5,31;84;6,6;jah
2021-05-05;5,29;84;6,7;jah
2021-05-06;5,98;91;6,4;jah
2021-05-07;6,28;94;7,2;jah
2021-05-08;6,64;98;7,6;jah
2021-05-09;6,65;98;8;jah
2021-05-10;6,25;95;9,8;jah
2021-05-11;5,8;91;12,1;jah
2021-05-12;5,33;87;13,7;jah
2021-05-13;4,98;84;14,3;jah
2021-05-14;4,71;81;13,8;jah
2021-05-15;4,6;80;13,5;jah
2021-05-16;4,56;80;13,5;jah
2021-05-17;4,36;79;13,5;jah
2021-05-18;4,28;78;12,7;jah
2021-05-19;4,64;83;11,8;jah
2021-05-20;4,52;82;11;jah
2021-05-21;4,98;87;10,5;jah
2021-05-22;5,39;92;11;jah
2021-05-23;5,08;89;11,1;jah
2021-05-24;4,72;86;11;jah
2021-05-25;4,52;84;11,8;jah
2021-05-26;4,52;85;11,7;jah
2021-05-27;5,6;97;10,6;jah
2021-05-28;6,89;111;10,4;jah
2021-05-29;6,92;112;11,3;jah
2021-05-30;6;103;11,8;jah
2021-05-31;5,16;95;11,6;jah
2021-06-01;4,68;90;12;jah
2021-06-02;4,31;86;13;jah
2021-06-03;4;83;14,3;jah
2021-06-04;3,76;81;14,9;jah
2021-06-05;3,63;80;15,1;jah
2021-06-06;3,5;79;15,4;jah
2021-06-07;3,39;79;15,7;jah
2021-06-08;3,32;78;16,1;jah
2021-06-09;3,24;78;16,6;jah
2021-06-10;3,18;78;16,8;jah
2021-06-11;3,13;78;17,1;jah
2021-06-12;3,14;79;16,9;jah
2021-06-13;3,25;81;16;jah
2021-06-14;3,2;81;15,6;jah
2021-06-15;3,1;81;15,8;jah
2021-06-16;2,95;79;15,7;jah
2021-06-17;2,89;80;16,3;jah
2021-06-18;2,84;80;17,1;jah
2021-06-19;2,81;80;18,3;jah
2021-06-20;2,76;81;19,4;jah
2021-06-21;2,7;81;20,6;jah
2021-06-22;2,73;82;21,4;jah
2021-06-23;2,94;87;21,8;jah
2021-06-24;2,9;87;21,5;jah
2021-06-25;2,82;87;21;jah
2021-06-26;2,9;90;20,5;jah
2021-06-27;2,92;91;19,9;jah
2021-06-28;2,74;90;19,3;jah
2021-06-29;2,64;89;19;jah
2021-06-30;2,56;89;19,2;jah
2021-07-01;2,48;89;19,9;jah
2021-07-02;2,4;89;20,2;jah
2021-07-03;2,31;89;20,2;jah
2021-07-04;2,23;89;20,3;jah
2021-07-05;2,14;88;20,2;jah
2021-07-06;2,09;89;20,5;jah
2021-07-07;2,08;90;21,1;jah
2021-07-08;1,99;90;21,3;jah
2021-07-09;1,91;90;21,2;jah
2021-07-10;2,01;93;21,7;jah
2021-07-11;2,07;96;21,9;jah
2021-07-12;1,84;93;22;jah
2021-07-13;1,74;91;21,9;jah
2021-07-14;1,71;91;22,1;jah
2021-07-15;1,76;92;22,5;jah
2021-07-16;1,79;93;22,6;jah
2021-07-17;1,76;92;22,4;jah
2021-07-18;1,68;91;21,9;jah
2021-07-19;1,54;88;21;jah
2021-07-20;1,47;86;19,4;jah
2021-07-21;1,46;86;18,6;jah
2021-07-22;1,42;85;17,8;jah
2021-07-23;1,39;85;17,8;jah
2021-07-24;1,34;84;17,2;jah
2021-07-25;1,33;84;17,4;jah
2021-07-26;1,32;84;18,2;jah
2021-07-27;1,32;84;19,1;jah
2021-07-28;1,49;88;19,9;jah
2021-07-29;1,72;94;20,1;jah
2021-07-30;1,66;93;19,5;jah
2021-07-31;1,6;91;18,5;jah
2021-08-01;1,68;94;18,1;jah
2021-08-02;1,61;92;17,6;jah
2021-08-03;1,61;92;17,2;jah
2021-08-04;1,5;90;16,4;jah
2021-08-05;1,36;87;16;jah
2021-08-06;1,29;85;15,7;jah
2021-08-07;1,29;85;15,5;jah
2021-08-08;1,4;88;16,1;jah
2021-08-09;1,49;91;16,7;jah
2021-08-10;1,49;91;17,2;jah
2021-08-11;1,48;91;17,2;jah
2021-08-12;1,43;89;16,9;jah
2021-08-13;1,37;86;16,9;jah
2021-08-14;1,39;86;17,1;jah
2021-08-15;1,5;88;16,9;jah
2021-08-16;1,53;87;16,7;jah
2021-08-17;1,59;88;16,5;jah
2021-08-18;1,72;90;15,8;jah
2021-08-19;1,99;95;15,4;jah
2021-08-20;2,36;102;15,4;jah
2021-08-21;2,36;101;15,4;jah
2021-08-22;2,16;96;15,3;jah
2021-08-23;2,06;93;15,1;jah
2021-08-24;1,97;90;14,3;jah
2021-08-25;1,84;87;13,4;jah
2021-08-26;2,75;104;12,8;jah
2021-08-27;3,65;118;12,8;jah
2021-08-28;3,35;112;13,8;jah
2021-08-29;2,95;105;14,6;jah
2021-08-30;2,68;99;14,9;jah
2021-08-31;2,44;94;14,7;jah
2021-09-01;2,21;89;14,1;jah
2021-09-02;1,96;83;13,1;jah
2021-09-03;2,05;85;12,6;jah
2021-09-04;1,88;80;11,8;jah
2021-09-05;1,78;78;11;jah
2021-09-06;1,82;78;10,9;jah
2021-09-07;1,94;80;11,4;jah
2021-09-08;1,7;74;12,3;jah
2021-09-09;1,67;73;13,4;jah
2021-09-10;1,64;72;13,7;jah
2021-09-11;1,59;70;14,1;jah
2021-09-12;1,8;74;14,1;jah
2021-09-13;2,39;85;14;jah
2021-09-14;2,28;82;12,8;jah
2021-09-15;2,04;77;11,4;jah
2021-09-16;1,81;72;10,8;jah
2021-09-17;1,69;69;10,2;jah
2021-09-18;1,57;65;9,8;jah
2021-09-19;1,49;62;9,1;jah
2021-09-20;1,46;61;8,4;jah
2021-09-21;1,43;59;8,2;jah
2021-09-22;1,45;59;8,3;jah
2021-09-23;1,5;59;7,9;jah
2021-09-24;1,7;62;8,3;jah
2021-09-25;1,9;65;8,7;jah
2021-09-26;1,9;64;8,9;jah
2021-09-27;1,8;62;8,6;jah
2021-09-28;1,71;59;8,7;jah
2021-09-29;1,63;57;8,4;jah
2021-09-30;1,6;56;8,5;jah
2021-10-01;1,57;54;8,6;jah
2021-10-02;1,54;53;8,9;jah
2021-10-03;1,5;52;8,7;jah
2021-10-04;1,55;52;8,7;jah
2021-10-05;1,5;50;8,9;jah
2021-10-06;1,45;49;9,1;jah
2021-10-07;1,37;47;9,2;jah
2021-10-08;1,31;46;9;jah
2021-10-09;1,27;45;8,9;jah
2021-10-10;1,26;44;9,3;jah
2021-10-11;1,24;44;8,8;jah
2021-10-12;1,24;44;8,3;jah
2021-10-13;1,27;44;8;jah
2021-10-14;1,23;43;7,3;jah
2021-10-15;1,2;42;7,2;jah
2021-10-16;1,33;45;6,7;jah
2021-10-17;1,36;45;6,1;jah
2021-10-18;1,26;43;5,4;jah
2021-10-19;1,17;41;4,6;jah
2021-10-20;1,25;43;5;jah
2021-10-21;2,42;63;7;jah
2021-10-22;3,93;83;7,5;jah
2021-10-23;4,08;84;6,7;jah
2021-10-24;3,57;77;5,5;jah
2021-10-25;3,06;70;5,5;jah
2021-10-26;2,81;67;6;jah
2021-10-27;2,5;63;6,8;jah
2021-10-28;2,44;63;7,5;jah
2021-10-29;2,58;65;8,2;jah
2021-10-30;2,52;64;7,6;jah
2021-10-31;2,36;62;6,7;jah
2021-11-01;2,18;60;6,6;jah
2021-11-02;2,08;58;6;jah
2021-11-03;1,92;56;6;jah
2021-11-04;1,96;57;6,5;jah
2021-11-05;2,33;64;6,9;jah
2021-11-06;3,1;76;6,8;jah
2021-11-07;3,79;85;5,9;jah
2021-11-08;6,52;120;5,4;jah
2021-11-09;8,74;142;4,1;jah
2021-11-10;8,67;139;3,9;jah
2021-11-11;7,65;128;5,2;jah
2021-11-12;6,82;118;5,7;jah
2021-11-13;6,11;109;5,5;jah
2021-11-14;5,36;99;5;jah
2021-11-15;4,7;90;3,6;jah
2021-11-16;4,34;86;3,1;jah
2021-11-17;4,15;82;3,7;jah
2021-11-18;4,04;81;4,4;jah
2021-11-19;4,34;83;4,3;jah
2021-11-20;4,55;85;4,4;jah
2021-11-21;5,05;90;3,9;jah
2021-11-22;5,09;89;2,4;jah
2021-11-23;4,77;85;1,7;jah
2021-11-24;4,22;78;2,3;jah
2021-11-25;4,09;77;3,1;jah
2021-11-26;5,41;92;3,6;jah
2021-11-27;7,03;108;2,8;jah
2021-11-28;6,97;107;1,6;jah
2021-11-29;6,17;98;1,1;jah
2021-11-30;5,33;90;0,5;jah
2021-12-01;4,63;82;0,1;jah
2021-12-02;4,21;84;0,1;jah
2021-12-03;4,09;90;0,1;jah
2021-12-04;3,96;89;0,1;jah
2021-12-05;3,84;81;0,1;jah
2021-12-06;3,72;72;0,1;jah
2021-12-07;3,56;73;0,1;jah
2021-12-08;3,4;75;0,1;jah
2021-12-09;3,24;70;0,1;jah
2021-12-10;3,05;66;0,1;jah
2021-12-11;2,99;66;0,1;jah
2021-12-12;3,1;68;0,1;jah
2021-12-13;3,25;70;0,1;jah
2021-12-14;3,33;72;0,1;jah
2021-12-15;3,53;75;0,1;jah
2021-12-16;4,49;88;0,3;jah
2021-12-17;6,29;108;1,4;jah
2021-12-18;6,41;110;1,7;jah
2021-12-19;6,42;111;1,9;jah
2021-12-20;6,32;110;0,9;jah
2021-12-21;5,18;99;0,1;jah
2021-12-22;4,86;110;0,1;jah
2021-12-23;4,75;119;0,1;jah
2021-12-24;4,64;121;0,1;jah
2021-12-25;4,53;117;0,1;jah
2021-12-26;4,42;118;0,1;jah
2021-12-27;4,31;118;0,1;jah
2021-12-28;4,2;113;0,1;jah
2021-12-29;4,09;102;0,1;jah
2021-12-30;3,98;95;0,1;jah
2021-12-31;3,87;89;0,1;jah
2022-01-01;3,76;86;0,1;jah
2022-01-02;3,66;79;0,1;jah
2022-01-03;3,67;81;0,1;jah
2022-01-04;3,7;81;0,1;jah
2022-01-05;3,73;84;0,1;jah
2022-01-06;3,76;86;0,4;jah
2022-01-07;3,79;76;0,1;jah
2022-01-08;3,82;67;0,1;jah
2022-01-09;3,85;83;0,1;jah
2022-01-10;3,88;84;0,1;jah
2022-01-11;3,91;74;0,1;jah
2022-01-12;3,95;63;0,1;jah
2022-01-13;3,98;84;0,1;jah
2022-01-14;4,01;89;0,1;jah
2022-01-15;4,04;90;0,1;jah
2022-01-16;4,07;87;0,1;jah
2022-01-17;4,1;91;0,2;jah
2022-01-18;4,14;88;0,1;jah
2022-01-19;4,17;92;0,2;jah
2022-01-20;4,2;94;1,1;jah
2022-01-21;4,23;94;0,7;jah
2022-01-22;4,27;88;0,5;jah
2022-01-23;4,3;82;0,5;jah
2022-01-24;4,33;79;1;jah
2022-01-25;4,62;85;1,5;jah
2022-01-26;4,87;84;0,5;jah
2022-01-27;4,87;86;0,8;jah
2022-01-28;4,8;89;1,4;jah
2022-01-29;4,73;85;0,8;jah
2022-01-30;4,67;83;0,2;jah
2022-01-31;4,74;84;0,5;jah
2022-02-01;4,62;83;0,5;jah
2022-02-02;4,53;81;0,1;jah
2022-02-03;4,53;89;0,1;jah
2022-02-04;4,53;92;0,1;jah
2022-02-05;4,53;92;0,1;jah
2022-02-06;4,53;85;0,1;jah
2022-02-07;4,61;83;0,7;jah
2022-02-08;4,51;82;1,3;jah
2022-02-09;4,41;81;1,5;jah
2022-02-10;4,49;82;1,6;jah
2022-02-11;4,69;84;1,6;jah
2022-02-12;4,72;84;1,1;jah
2022-02-13;4,72;84;1,4;jah
2022-02-14;4,72;84;1,8;jah
2022-02-15;4,73;84;2,1;jah
2022-02-16;5,33;92;2,1;jah
2022-02-17;8,29;126;1,9;jah
2022-02-18;13,1;170;1,2;jah
2022-02-19;14,5;179;1,1;jah
2022-02-20;14,3;178;1,2;jah
2022-02-21;13,4;171;1,4;jah
2022-02-22;12,3;163;1,7;jah
2022-02-23;11,8;159;1,5;jah
2022-02-24;11,3;155;1,6;jah
2022-02-25;10,9;151;2;jah
2022-02-26;11;153;1,8;jah
2022-02-27;10,9;151;1,1;jah
2022-02-28;10,3;146;1;jah
2022-03-01;9,63;139;1,3;jah
2022-03-02;8,94;133;1,7;jah
2022-03-03;8,38;127;2,3;jah
2022-03-04;7,57;118;2;jah
2022-03-05;6,76;110;1;jah
2022-03-06;6,62;108;1,2;jah
2022-03-07;6,36;105;1,8;jah
2022-03-08;5,95;101;1,7;jah
2022-03-09;5,58;96;1,4;jah
2022-03-10;5,35;88;0,6;jah
2022-03-11;5,15;92;0,7;jah
2022-03-12;4,96;89;1,9;jah
2022-03-13;4,85;87;2,2;jah
2022-03-14;4,72;85;2,1;jah
2022-03-15;4,58;83;2;jah
2022-03-16;4,51;82;2,1;jah
2022-03-17;4,52;82;2,3;jah
2022-03-18;4,49;81;2,4;jah
2022-03-19;4,57;82;3,1;jah
2022-03-20;4,9;87;3,3;jah
2022-03-21;5,79;97;3,3;jah
2022-03-22;6,8;108;3,2;jah
2022-03-23;7,58;116;3,2;jah
2022-03-24;8,26;124;3,3;jah
2022-03-25;9,83;140;3,8;jah
2022-03-26;12,3;161;3,2;jah
2022-03-27;13,4;170;1,9;jah
2022-03-28;13,6;170;2,5;jah
2022-03-29;13,9;173;2,6;jah
2022-03-30;13,9;172;1,5;jah
2022-03-31;13,1;166;1,6;jah
2022-04-01;11,7;153;2,1;jah
2022-04-02;10,3;141;2,3;jah
2022-04-03;9,36;132;2,2;jah
2022-04-04;8,84;126;2,6;jah
2022-04-05;9,64;135;2,6;jah
2022-04-06;11,5;152;2,3;jah
2022-04-07;12;155;2,8;jah
2022-04-08;13,6;166;3,7;jah
2022-04-09;16,7;185;3;jah
2022-04-10;18,6;194;2,6;jah
2022-04-11;19,9;199;3,4;jah
2022-04-12;20,8;202;4,1;jah
2022-04-13;21;203;4,7;jah
2022-04-14;20,8;202;5,1;jah
2022-04-15;19,9;197;5,1;jah
2022-04-16;19;193;5;jah
2022-04-17;18,1;188;5,2;jah
2022-04-18;17;182;5,7;jah
2022-04-19;15,8;175;6,5;jah
2022-04-20;14,5;166;7,4;jah
2022-04-21;13,6;159;8,1;jah
2022-04-22;12,8;152;8,3;jah
2022-04-23;11,9;145;8,5;jah
2022-04-24;11,1;138;7,9;jah
2022-04-25;10,5;133;7,1;jah
2022-04-26;9,98;128;7,2;jah
2022-04-27;9,38;123;7,7;jah
2022-04-28;8,78;117;6,9;jah
2022-04-29;8,39;114;6,8;jah
2022-04-30;7,99;110;7;jah
2022-05-01;7,67;107;7,5;jah
2022-05-02;7,41;105;7,7;jah
2022-05-03;7,17;102;8,3;jah
2022-05-04;6,84;99;8,1;jah
2022-05-05;6,53;96;8;jah
2022-05-06;6,33;94;9,5;jah
2022-05-07;6,23;93;10,6;jah
2022-05-08;6,06;91;10,7;jah
2022-05-09;5,78;88;9,7;jah
2022-05-10;5,62;87;9,5;jah
2022-05-11;5,55;86;9,9;jah
2022-05-12;5,73;88;9,5;jah
2022-05-13;5,98;91;9,4;jah
2022-05-14;5,91;91;9,7;jah
2022-05-15;6,05;92;10,2;jah
2022-05-16;5,81;90;10,5;jah
2022-05-17;5,45;86;9,9;jah
2022-05-18;5,23;83;10,1;jah
2022-05-19;5,04;81;11,2;jah
2022-05-20;4,89;80;11;jah
2022-05-21;4,92;80;10,7;jah
2022-05-22;4,76;78;11,3;jah
2022-05-23;4,56;76;11,6;jah
2022-05-24;4,45;75;12,4;jah
2022-05-25;4,3;74;13,1;jah
2022-05-26;4,35;75;13,2;jah
2022-05-27;4,69;80;12,4;jah
2022-05-28;4,89;84;11,7;jah
2022-05-29;5,28;89;11,6;jah
2022-05-30;5,1;88;12,1;jah
2022-05-31;5,24;91;12,2;jah
2022-06-01;5,43;94;12,3;jah
2022-06-02;5,3;93;12,5;jah
2022-06-03;5,17;93;12,8;jah
2022-06-04;4,82;89;13,3;jah
2022-06-05;4,72;89;13,8;jah
2022-06-06;4,66;89;14,3;jah
2022-06-07;4,28;85;15;jah
2022-06-08;4,05;83;15,1;jah
2022-06-09;4,05;84;15,5;jah
2022-06-10;3,92;83;15,6;jah
2022-06-11;3,74;82;16,2;jah
2022-06-12;3,6;81;16,5;jah
2022-06-13;3,52;80;16,1;jah
2022-06-14;3,51;81;14,7;jah
2022-06-15;3,42;81;14,8;jah
2022-06-16;3,29;80;15;jah
2022-06-17;3,18;79;15,1;jah
2022-06-18;3,12;79;14,8;jah
2022-06-19;3,18;81;14,6;jah
2022-06-20;3,15;82;14,8;jah
2022-06-21;3,02;81;15,3;jah
2022-06-22;2,94;80;15,6;jah
2022-06-23;2,88;81;16,3;jah
2022-06-24;2,81;81;17;jah
2022-06-25;2,76;81;17,9;jah
2022-06-26;2,72;81;19,1;jah
2022-06-27;2,69;82;20,4;jah
2022-06-28;2,67;83;21,2;jah
2022-06-29;2,67;84;21,6;jah
2022-06-30;2,74;87;21,6;jah
2022-07-01;2,61;85;21,2;jah
2022-07-02;2,52;85;21,3;jah
2022-07-03;2,47;85;21,3;jah
2022-07-04;2,4;85;20,4;jah
2022-07-05;2,34;85;19,7;jah
2022-07-06;2,24;85;18,5;jah
2022-07-07;2,21;86;17,5;jah
2022-07-08;2,23;88;16,7;jah
2022-07-09;2,25;90;16,5;jah
2022-07-10;2,32;93;16,5;jah
2022-07-11;2,11;90;16,9;jah
2022-07-12;1,99;89;17,1;jah
2022-07-13;1,98;90;18,3;jah
2022-07-14;2,04;92;18,6;jah
2022-07-15;2,25;97;17,4;jah
2022-07-16;2,25;97;16,2;jah
2022-07-17;2,2;96;15,3;jah
2022-07-18;2,27;98;15,2;jah
2022-07-19;2,16;96;15,9;jah
2022-07-20;2,12;96;16,4;jah
2022-07-21;2,01;94;17,4;jah
2022-07-22;1,9;92;18,5;jah
2022-07-23;1,82;91;19,3;jah
2022-07-24;1,77;90;18,8;jah
2022-07-25;1,75;90;18,9;jah
2022-07-26;1,76;90;18,9;jah
2022-07-27;1,72;89;18,6;jah
2022-07-28;1,68;88;17,6;jah
2022-07-29;1,69;88;16,7;jah
2022-07-30;1,7;88;16,4;jah
2022-07-31;1,69;88;16,2;jah
2022-08-01;1,65;87;16,1;jah
2022-08-02;1,65;87;16,4;jah
2022-08-03;1,67;87;17,3;jah
2022-08-04;1,64;86;17,7;jah
2022-08-05;1,6;85;18,5;jah
2022-08-06;1,55;83;18,7;jah
2022-08-07;1,53;82;17,6;jah
2022-08-08;1,52;82;17,1;jah
2022-08-09;1,53;82;16,6;jah
2022-08-10;1,51;82;16,5;jah
2022-08-11;1,48;80;16,8;jah
2022-08-12;1,44;79;17,5;jah
2022-08-13;1,42;78;18,1;jah
2022-08-14;1,45;79;18,7;jah
2022-08-15;1,41;78;19;jah
2022-08-16;1,38;77;19,7;jah
2022-08-17;1,35;76;19,9;jah
2022-08-18;1,33;75;19,9;jah
2022-08-19;1,35;75;20,3;jah
2022-08-20;1,3;73;20,1;jah
2022-08-21;1,27;72;19,6;jah
2022-08-22;1,27;72;19,4;jah
2022-08-23;1,3;72;19,2;jah
2022-08-24;1,32;73;19,4;jah
2022-08-25;1,29;71;19,2;jah
2022-08-26;1,26;70;18,2;jah
2022-08-27;1,24;69;18,2;jah
2022-08-28;1,25;69;18,5;jah
2022-08-29;1,24;69;18,3;jah
2022-08-30;1,36;72;17,1;jah
2022-08-31;1,47;75;15;jah
2022-09-01;1,44;74;13,7;jah
2022-09-02;1,35;71;12,8;jah
2022-09-03;1,25;67;11,9;jah
2022-09-04;1,22;66;11,3;jah
2022-09-05;1,21;66;10,9;jah
2022-09-06;1,21;65;10,5;jah
2022-09-07;1,23;66;11;jah
2022-09-08;1,19;64;10,4;jah
2022-09-09;1,17;63;10;jah
2022-09-10;1,16;62;9,8;jah
2022-09-11;1,16;62;9,6;jah
2022-09-12;1,16;62;9,5;jah
2022-09-13;1,16;62;9,8;jah
2022-09-14;1,18;61;10,1;jah
2022-09-15;1,29;63;10,8;jah
2022-09-16;1,56;70;11;jah
2022-09-17;1,77;74;11,3;jah
2022-09-18;1,69;71;11,5;jah
2022-09-19;1,55;66;11,2;jah
2022-09-20;1,44;62;10,9;jah
2022-09-21;1,39;60;10,8;jah
2022-09-22;1,34;58;10,5;jah
2022-09-23;1,31;56;9,9;jah
2022-09-24;1,31;55;9,4;jah
2022-09-25;1,29;54;9,2;jah
2022-09-26;1,25;52;8,6;jah
2022-09-27;1,24;51;8,6;jah
2022-09-28;1,23;50;8,5;jah
2022-09-29;1,24;49;8,5;jah
2022-09-30;1,29;50;8,5;jah
2022-10-01;1,28;49;8,2;jah
2022-10-02;1,28;48;8,6;jah
2022-10-03;1,25;47;8,3;jah
2022-10-04;1,39;49;8,3;jah
2022-10-05;1,54;52;8,2;jah
2022-10-06;1,51;51;9,1;jah
2022-10-07;1,47;49;9,7;jah
2022-10-08;1,42;47;9,9;jah
2022-10-09;1,38;46;9,9;jah
2022-10-10;1,36;45;9,1;jah
2022-10-11;1,32;44;8,3;jah
2022-10-12;1,28;43;7,5;jah
2022-10-13;1,27;42;6,8;jah
2022-10-14;1,25;41;7,5;jah
2022-10-15;1,25;41;7,7;jah
2022-10-16;1,3;42;8,6;jah
2022-10-17;1,43;44;9,1;jah
2022-10-18;1,68;49;9,1;jah
2022-10-19;1,8;51;8,2;jah
2022-10-20;1,66;48;7,3;jah
2022-10-21;1,51;45;7,1;jah
2022-10-22;1,44;43;6,5;jah
2022-10-23;1,42;43;6,1;jah
2022-10-24;1,34;41;5,4;jah
2022-10-25;1,37;42;5,2;jah
2022-10-26;1,47;44;6,1;jah
2022-10-27;1,5;44;7,1;jah
2022-10-28;1,5;44;8,3;jah
2022-10-29;1,51;44;9;jah
2022-10-30;1,55;44;7,8;jah
2022-10-31;1,49;43;6,3;jah
2022-11-01;1,42;42;6,4;jah
2022-11-02;1,44;42;6,6;jah
2022-11-03;1,4;41;7,1;jah
2022-11-04;1,39;40;7,1;jah
2022-11-05;1,34;39;6,1;jah
2022-11-06;1,4;40;5,6;jah
2022-11-07;1,53;43;5,9;jah
2022-11-08;1,61;44;6,4;jah
2022-11-09;1,85;48;7,2;jah
2022-11-10;2,06;52;7,9;jah
2022-11-11;2,13;52;8,6;jah
2022-11-12;2,2;53;9;jah
2022-11-13;2,18;52;7,7;jah
2022-11-14;1,99;49;6;jah
2022-11-15;1,9;47;5,1;jah
2022-11-16;1,89;46;4,5;jah
2022-11-17;1,85;45;4;jah
2022-11-18;1,77;43;2,8;jah
2022-11-19;1,68;41;1,6;jah
2022-11-20;1,59;39;0,6;jah
2022-11-21;1,49;38;0,1;jah
2022-11-22;1,55;38;0;jah
2022-11-23;1,52;38;0,1;jah
2022-11-24;1,49;38;0,2;jah
2022-11-25;1,45;37;0,5;jah
2022-11-26;1,43;37;0,5;jah
2022-11-27;1,38;36;0,3;jah
2022-11-28;1,38;36;0,5;jah
2022-11-29;1,36;36;0,8;jah
2022-11-30;1,36;36;0,9;jah
2022-12-01;1,34;36;0,8;jah
2022-12-02;1,33;35;0,1;jah
2022-12-03;1,25;47;0;jah
2022-12-04;1,28;55;0;jah
2022-12-05;1,34;43;0;jah
2022-12-06;1,4;40;0;jah
2022-12-07;1,44;41;0;jah
2022-12-08;1,46;45;0;jah
2022-12-09;1,48;48;0;jah
2022-12-10;1,5;51;0;jah
2022-12-11;1,52;54;0;jah
2022-12-12;1,54;54;0;jah
2022-12-13;1,56;52;0;jah
2022-12-14;1,58;49;0;jah
2022-12-15;1,6;48;0;jah
2022-12-16;1,62;47;0;jah
2022-12-17;1,64;46;0;jah
2022-12-18;1,66;46;0;jah
2022-12-19;1,7;47;0;jah
2022-12-20;1,75;47;0;jah
2022-12-21;1,73;47;0;jah
2022-12-22;1,75;54;0;jah
2022-12-23;2,09;67;0;jah
2022-12-24;2,85;67;0;jah
2022-12-25;2,87;57;0;jah
2022-12-26;2,27;53;0;jah
2022-12-27;2,02;62;0;jah
2022-12-28;2,17;71;0;jah
2022-12-29;2,39;66;0,1;jah
2022-12-30;2,6;68;0,2;jah
2022-12-31;2,88;84;1,2;jah
2023-01-01;3,88;111;2,2;jah
2023-01-02;5,81;117;1,2;jah
2023-01-03;6,24;105;0,8;jah
2023-01-04;5,28;93;1,1;jah
2023-01-05;4,48;82;0,4;jah
2023-01-06;3,81;84;0,1;jah
2023-01-07;3,53;94;0,1;jah
2023-01-08;3,57;100;0,1;jah
2023-01-09;3,61;101;0,1;jah
2023-01-10;3,65;95;0,1;jah
2023-01-11;3,69;82;0,1;jah
2023-01-12;3,73;77;0,1;jah
2023-01-13;3,78;97;0,1;jah
2023-01-14;5,4;142;0,6;jah
2023-01-15;9,4;165;1,4;jah
2023-01-16;12,1;182;1,2;jah
2023-01-17;14,6;189;1,1;jah
2023-01-18;15,8;190;1,4;jah
2023-01-19;16,1;187;1,2;jah
2023-01-20;15,7;181;1,3;jah
2023-01-21;14,6;170;0,7;jah
2023-01-22;13,1;154;0,5;jah
2023-01-23;11;141;0,7;jah
2023-01-24;9,62;128;1;jah
2023-01-25;8,45;121;1,8;jah
2023-01-26;7,75;128;2,4;jah
2023-01-27;8,51;143;2,2;jah
2023-01-28;9,92;142;1,6;jah
2023-01-29;9,82;134;1,8;jah
2023-01-30;9,09;133;2,2;jah
2023-01-31;9,03;143;2,2;jah
2023-02-01;10,1;143;2,1;jah
2023-02-02;10,1;136;2,1;jah
2023-02-03;9,39;126;1,7;jah
2023-02-04;8,54;118;1,2;jah
2023-02-05;7,76;104;0,4;jah
2023-02-06;6,48;104;0,8;jah
2023-02-07;6,01;100;0,9;jah
2023-02-08;5,94;96;1,6;jah
2023-02-09;5,86;95;2;jah
2023-02-10;5,79;95;1,7;jah
2023-02-11;5,72;93;1,2;jah
2023-02-12;5,64;86;0,8;jah
2023-02-13;5,57;89;1,5;jah
2023-02-14;5,5;90;1,8;jah
2023-02-15;5,53;89;2;jah
2023-02-16;5,49;88;2,3;jah
2023-02-17;5,4;88;2,5;jah
2023-02-18;5,36;93;2,1;jah
2023-02-19;5,31;95;1,7;jah
2023-02-20;5,25;93;1,5;jah
2023-02-21;5,2;90;1,1;jah
2023-02-22;5,14;80;0,2;jah
2023-02-23;5,09;89;0,1;jah
2023-02-24;5,03;97;0,1;jah
2023-02-25;4,98;89;0,2;jah
2023-02-26;4,93;82;0,5;jah
2023-02-27;4,87;81;0,1;jah
2023-02-28;4,82;78;0,7;jah
2023-03-01;4,72;77;1,4;jah
2023-03-02;4,57;76;1,8;jah
2023-03-03;4,5;77;2,1;jah
2023-03-04;4,53;77;1,9;jah
2023-03-05;4,59;77;1,6;jah
2023-03-06;4,56;76;1,4;jah
2023-03-07;4,4;72;0,8;jah
2023-03-08;4,12;74;0,8;jah
2023-03-09;4,27;73;0,7;jah
2023-03-10;4,2;66;0,1;jah
2023-03-11;4,16;78;0,1;jah
2023-03-12;4,13;77;0,1;jah
2023-03-13;4,1;74;0,2;jah
2023-03-14;4,07;90;0,8;jah
2023-03-15;5,52;156;1,9;jah
2023-03-16;11,8;177;1,4;jah
2023-03-17;14,8;178;1,5;jah
2023-03-18;15,1;172;2,4;jah
2023-03-19;14,2;165;3,2;jah
2023-03-20;13,3;163;3,7;jah
2023-03-21;13,2;170;4;jah
2023-03-22;14,3;179;3,1;jah
2023-03-23;15,7;185;4,2;jah
2023-03-24;16,9;192;4,9;jah
2023-03-25;18,3;199;4,7;jah
2023-03-26;19,9;204;4,8;jah
2023-03-27;21,1;206;4,3;jah
2023-03-28;21,7;204;3,1;jah
2023-03-29;21,2;199;2,4;jah
2023-03-30;19,9;191;1,8;jah
2023-03-31;18,2;180;2,1;jah
2023-04-01;16,1;165;2,4;jah
2023-04-02;13,7;151;2,6;jah
2023-04-03;11,9;140;2,7;jah
2023-04-04;10,7;133;2,9;jah
2023-04-05;9,84;129;3,3;jah
2023-04-06;9,4;132;3,6;jah
2023-04-07;9,74;134;4,5;jah
2023-04-08;9,89;132;5,3;jah
2023-04-09;9,63;128;5,7;jah
2023-04-10;9,15;123;6,1;jah
2023-04-11;8,58;118;6,7;jah
2023-04-12;8,15;116;7,6;jah
2023-04-13;7,91;116;8,1;jah
2023-04-14;7,79;112;8,2;jah
2023-04-15;7,42;106;7,7;jah
2023-04-16;6,94;102;6,9;jah
2023-04-17;6,51;98;7,3;jah
2023-04-18;6,16;94;7,5;jah
2023-04-19;5,85;91;7,1;jah
2023-04-20;5,55;88;7,6;jah
2023-04-21;5,37;87;8,7;jah
2023-04-22;5,24;85;9,3;jah
2023-04-23;5,14;84;9,7;jah
2023-04-24;5,02;82;10,1;jah
2023-04-25;4,92;81;10,4;jah
2023-04-26;4,85;80;10,5;jah
2023-04-27;4,72;80;9,8;jah
2023-04-28;4,75;80;8,6;jah
2023-04-29;4,76;79;8,1;jah
2023-04-30;4,65;83;8,4;jah
2023-05-01;5;88;8,1;jah
2023-05-02;5,4;85;8,3;jah
2023-05-03;5,21;83;8,3;jah
2023-05-04;4,95;80;8;jah
2023-05-05;4,66;77;7;jah
2023-05-06;4,39;75;6;jah
2023-05-07;4,17;73;6,7;jah
2023-05-08;4,04;72;8,2;jah
2023-05-09;3,92;71;9,4;jah
2023-05-10;3,8;71;10,4;jah
2023-05-11;3,69;70;11,4;jah
2023-05-12;3,58;68;12,4;jah
2023-05-13;3,46;68;13;jah
2023-05-14;3,36;67;13,3;jah
2023-05-15;3,27;66;13,8;jah
2023-05-16;3,2;66;13,1;jah
2023-05-17;3,14;69;12,8;jah
2023-05-18;3,26;68;12,6;jah
2023-05-19;3,2;66;12,5;jah
2023-05-20;3;65;12,8;jah
2023-05-21;2,9;65;13,6;jah
2023-05-22;2,87;65;13,9;jah
2023-05-23;2,82;65;14,4;jah
2023-05-24;2,8;66;15;jah
2023-05-25;2,77;66;14,9;jah
2023-05-26;2,76;66;13,9;jah
2023-05-27;2,72;66;13;jah
2023-05-28;2,68;67;12,9;jah
2023-05-29;2,68;67;13,2;jah
2023-05-30;2,63;66;13,4;jah
2023-05-31;2,57;67;13,2;jah
2023-06-01;2,54;67;12,8;jah
2023-06-02;2,5;66;11,9;jah
2023-06-03;2,45;66;11,5;jah
2023-06-04;2,41;68;11,8;jah
2023-06-05;2,44;69;12,5;jah
2023-06-06;2,47;70;13,7;jah
2023-06-07;2,44;69;14,9;jah
2023-06-08;2,35;69;15,2;jah
2023-06-09;2,3;69;15,2;jah
2023-06-10;2,26;69;15;jah
2023-06-11;2,22;70;14,8;jah
2023-06-12;2,18;71;15,2;jah
2023-06-13;2,16;71;15,9;jah
2023-06-14;2,12;71;16,7;jah
2023-06-15;2,07;72;17,4;jah
2023-06-16;2,02;72;17,7;jah
2023-06-17;1,99;73;18,2;jah
2023-06-18;1,97;75;18,8;jah
2023-06-19;1,95;75;19,2;jah
2023-06-20;1,89;76;19,6;jah
2023-06-21;1,87;77;20,1;jah
2023-06-22;1,84;79;19,4;jah
2023-06-23;1,85;84;19,2;jah
2023-06-24;1,98;85;19;jah
2023-06-25;1,94;84;18,3;jah
2023-06-26;1,8;85;17,9;jah
2023-06-27;1,8;87;17,9;jah
2023-06-28;1,82;86;18,6;jah
2023-06-29;1,76;87;19,1;jah
2023-06-30;1,74;91;19,4;jah
2023-07-01;1,85;91;19,4;jah
2023-07-02;1,81;93;18,4;jah
2023-07-03;1,84;102;17,2;jah
2023-07-04;2,14;101;16,4;jah
2023-07-05;2,07;97;16,1;jah
2023-07-06;1,87;95;15,9;jah
2023-07-07;1,75;94;16;jah
2023-07-08;1,68;94;16,6;jah
2023-07-09;1,65;95;16,9;jah
2023-07-10;1,65;96;17;jah
2023-07-11;1,63;96;16,8;jah
2023-07-12;1,58;94;16,9;jah
2023-07-13;1,48;93;17;jah
2023-07-14;1,44;92;17,1;jah
2023-07-15;1,41;91;17,4;jah
2023-07-16;1,38;91;17,9;jah
2023-07-17;1,38;91;18,7;jah
2023-07-18;1,38;90;18,3;jah
2023-07-19;1,37;90;17,6;jah
2023-07-20;1,36;89;17,1;jah
2023-07-21;1,32;90;16,8;jah
2023-07-22;1,35;92;16,4;jah
2023-07-23;1,43;92;16,3;jah
2023-07-24;1,41;92;16,2;jah
2023-07-25;1,41;91;15,9;jah
2023-07-26;1,4;95;16;jah
2023-07-27;1,5;96;16;jah
2023-07-28;1,53;93;16,5;jah
2023-07-29;1,44;90;16,5;jah
2023-07-30;1,37;88;16,7;jah
2023-07-31;1,31;87;17,1;jah
2023-08-01;1,28;87;17,1;jah
2023-08-02;1,29;88;17,3;jah
2023-08-03;1,33;90;17;jah
2023-08-04;1,4;93;16,9;jah
2023-08-05;1,48;93;17,4;jah
2023-08-06;1,49;90;18,1;jah
2023-08-07;1,42;88;19,6;jah
2023-08-08;1,37;86;19,4;jah
2023-08-09;1,32;83;17,9;jah
2023-08-10;1,24;81;16,9;jah
2023-08-11;1,19;80;16,2;jah
2023-08-12;1,19;80;16,2;jah
2023-08-13;1,19;80;16,2;jah
2023-08-14;1,19;79;16,9;jah
2023-08-15;1,18;78;17,7;jah
2023-08-16;1,17;78;18,6;jah
2023-08-17;1,18;80;19,4;jah
2023-08-18;1,23;80;18,9;jah
2023-08-19;1,25;78;18,7;jah
2023-08-20;1,21;78;18,3;jah
2023-08-21;1,2;76;17,9;jah
2023-08-22;1,18;76;17,8;jah
2023-08-23;1,19;77;17,4;jah
2023-08-24;1,21;75;17;jah
2023-08-25;1,18;74;17;jah
2023-08-26;1,15;72;17,2;jah
2023-08-27;1,11;72;17,2;jah
2023-08-28;1,12;71;16,8;jah
2023-08-29;1,12;72;16,1;jah
2023-08-30;1,14;72;15,9;jah
2023-08-31;1,17;75;15,9;jah
2023-09-01;1,27;80;15,9;jah
2023-09-02;1,45;79;15,5;jah
2023-09-03;1,46;76;15,3;jah
2023-09-04;1,38;73;15,1;jah
2023-09-05;1,32;71;15,2;jah
2023-09-06;1,29;68;15,1;jah
2023-09-07;1,23;65;14,4;jah
2023-09-08;1,17;64;14,4;jah
2023-09-09;1,15;62;14,5;jah
2023-09-10;1,14;62;14,5;jah
2023-09-11;1,14;61;14,9;jah
2023-09-12;1,14;60;15,1;jah
2023-09-13;1,15;60;15,2;jah
2023-09-14;1,16;83;15,2;jah
2023-09-15;1,97;101;14,4;jah
2023-09-16;2,73;85;13,2;jah
2023-09-17;2,1;73;12,4;jah
2023-09-18;1,7;67;11,6;jah
2023-09-19;1,53;66;11,8;jah
2023-09-20;1,51;78;12,5;jah
2023-09-21;2,01;83;13,7;jah
2023-09-22;2,25;78;14;jah
2023-09-23;2,09;74;14,2;jah
2023-09-24;1,96;81;14,1;jah
2023-09-25;2,31;84;13,2;jah
2023-09-26;2,48;79;12,7;jah
2023-09-27;2,32;72;12,5;jah
2023-09-28;2,06;68;13;jah
2023-09-29;1,91;66;13,5;jah
2023-09-30;1,86;64;13,9;jah
2023-10-01;1,83;63;13,1;jah
2023-10-02;1,81;61;12,1;jah
2023-10-03;1,76;62;12,1;jah
2023-10-04;1,85;77;12,1;jah
2023-10-05;2,59;97;11,4;jah
2023-10-06;3,7;110;10,2;jah
2023-10-07;4,57;119;9,7;jah
2023-10-08;5,27;129;8,5;jah
2023-10-09;6,04;130;7,2;jah
2023-10-10;6,22;127;6,4;jah
2023-10-11;6,06;122;7;jah
2023-10-12;5,76;124;8,4;jah
2023-10-13;6,01;131;8,5;jah
2023-10-14;6,58;137;8,9;jah
2023-10-15;7,16;153;9,2;jah
2023-10-16;8,73;161;8,1;jah
2023-10-17;9,58;159;6,9;jah
2023-10-18;9,44;152;6,7;jah
2023-10-19;8,81;147;6,3;jah
2023-10-20;8,4;140;5,4;jah
2023-10-21;7,79;131;4,3;jah
2023-10-22;7,09;122;4,2;jah
2023-10-23;6,51;116;5,2;jah
2023-10-24;6,07;111;5,9;jah
2023-10-25;5,76;105;5,1;jah
2023-10-26;5,28;99;3,8;jah
2023-10-27;4,95;96;3,4;jah
2023-10-28;4,76;94;3,5;jah
2023-10-29;4,64;91;3,6;jah
2023-10-30;4,49;88;3,7;jah
2023-10-31;4,33;88;4,1;jah
2023-11-01;4,31;115;5,7;jah
2023-11-02;6,39;137;5,9;jah
2023-11-03;8,15;139;5,6;jah
2023-11-04;8,31;134;5,8;jah
2023-11-05;7,86;128;6,1;jah
2023-11-06;7,29;123;;jah
2023-11-07;6,85;120;;jah
2023-11-08;6,58;118;;jah
2023-11-09;6,44;117;;jah
2023-11-10;6,44;121;;jah
2023-11-11;6,74;122;7,1;jah
2023-11-12;6,89;121;;jah
2023-11-13;6,83;130;6,2;jah
2023-11-14;7,63;150;5,3;jah
2023-11-15;9,53;158;4,8;jah
2023-11-16;10,5;155;4,3;jah
2023-11-17;10,3;147;3,3;jah
2023-11-18;9,42;137;2,7;jah
2023-11-19;8,52;127;2;jah
2023-11-20;7,67;119;2,3;jah
2023-11-21;7,05;113;2,3;jah
2023-11-22;6,58;104;1,3;jah
2023-11-23;5,88;104;1,4;jah
2023-11-24;5,85;105;2,4;jah
2023-11-25;5,98;104;2,2;jah
2023-11-26;5,94;98;1,2;jah
2023-11-27;5,49;95;0,8;jah
2023-11-28;5,3;94;0,7;jah
2023-11-29;5,23;92;0,8;jah
2023-11-30;5,13;90;0,8;jah
2023-12-01;4,95;88;1;jah
2023-12-02;4,86;87;1,1;jah
2023-12-03;4,78;85;1,1;jah
2023-12-04;4,63;81;0,4;jah
2023-12-05;4,34;84;0,2;jah
2023-12-06;4,22;91;0,2;jah
2023-12-07;4,22;103;0,2;jah
2023-12-08;4,22;111;0,2;jah
2023-12-09;4,22;113;0,2;jah
2023-12-10;4,22;110;0,2;jah
2023-12-11;4,23;100;0,2;jah
2023-12-12;4,23;94;0,2;jah
2023-12-13;4,23;91;0,2;jah
2023-12-14;4,23;88;0,2;jah
2023-12-15;4,23;85;0,4;jah
2023-12-16;4,24;81;0,9;jah
2023-12-17;4,24;81;1,7;jah
2023-12-18;4,42;89;2,3;jah
2023-12-19;5,02;118;2,7;jah
2023-12-20;7,34;150;1,8;jah
2023-12-21;10,4;157;1,8;jah
2023-12-22;10,9;152;2;jah
2023-12-23;10,1;144;2,2;jah
2023-12-24;9,08;138;2,1;jah
2023-12-25;8,16;130;2;jah
2023-12-26;7,28;123;1,8;jah
2023-12-27;6,51;117;1,9;jah
2023-12-28;5,79;111;1,7;jah
2023-12-29;5,15;109;2,2;jah
2023-12-30;4,88;126;2,9;jah
2023-12-31;5,95;147;2,2;jah
2024-01-01;7,49;143;0,4;jah
2024-01-02;6,99;137;0,2;jah
2024-01-03;5,83;147;0,2;jah
2024-01-04;5,46;156;0,2;jah
2024-01-05;5,11;169;0,2;jah
2024-01-06;4,76;173;0,1;jah
2024-01-07;4,43;169;;jah
2024-01-08;4,11;161;0,2;jah
2024-01-09;3,79;155;0,2;jah
2024-01-10;3,49;149;0,2;jah
2024-01-11;3,25;138;0,2;jah
2024-01-12;3,26;126;0,2;jah
2024-01-13;3,28;112;0,2;jah
2024-01-14;3,31;113;0,2;jah
2024-01-15;3,27;116;0,2;jah
2024-01-16;3,18;111;0,1;jah
2024-01-17;3,08;97;0,1;jah
2024-01-18;2,99;101;0,1;jah
2024-01-19;3,12;114;0,2;jah
2024-01-20;3,36;111;0,2;jah
2024-01-21;3,6;103;0,2;jah
2024-01-22;3,86;103;0,2;jah
2024-01-23;4,13;111;0,2;jah
2024-01-24;4,8;140;0,2;jah
2024-01-25;7,29;156;0,2;jah
2024-01-26;9,02;146;0,2;jah
2024-01-27;8,25;134;0,4;jah
2024-01-28;7,28;119;1,2;jah
2024-01-29;6,13;104;2;jah
2024-01-30;5,15;98;2,2;jah
2024-01-31;4,84;102;2,4;jah
2024-02-01;5,24;123;2,1;jah
2024-02-02;7,12;129;1,2;jah
2024-02-03;7,8;121;1,4;jah
2024-02-04;7,2;116;1,7;jah
2024-02-05;6,93;110;1,1;jah
2024-02-06;6,56;105;1,1;jah
2024-02-07;6,22;99;0,8;jah
2024-02-08;5,79;93;0,2;jah
2024-02-09;5,52;96;0,2;jah
2024-02-10;5,36;93;0,2;jah
2024-02-11;5,21;115;0,2;jah
2024-02-12;5,06;122;0,2;jah
2024-02-13;4,91;114;0,2;jah
2024-02-14;4,77;101;0,2;jah
2024-02-15;4,62;90;0,3;jah
2024-02-16;4,48;83;1,6;jah
2024-02-17;4,35;124;1,7;jah
2024-02-18;8,16;148;0,7;jah
2024-02-19;10,5;128;0,6;jah
2024-02-20;8,36;113;1,1;jah
2024-02-21;6,97;104;1,7;jah
2024-02-22;6,14;99;2,3;jah
2024-02-23;5,74;107;2,7;jah
2024-02-24;6,44;149;2,2;jah
2024-02-25;10,8;189;1,1;jah
2024-02-26;16,3;195;0,6;jah
2024-02-27;17,5;199;0,8;jah
2024-02-28;18,2;199;1,1;jah
2024-02-29;18,4;196;1,5;jah
2024-03-01;17,9;191;1,7;jah
2024-03-02;17,1;183;1,9;jah
2024-03-03;15,7;171;2;jah
2024-03-04;13,9;158;2,1;jah
2024-03-05;12,2;148;2,1;jah
2024-03-06;10,9;140;1,9;jah
2024-03-07;10;131;1,8;jah
2024-03-08;9,16;125;1,9;jah
2024-03-09;8,58;119;2,1;jah
2024-03-10;8,05;113;1,8;jah
2024-03-11;7,51;107;1,7;jah
2024-03-12;6,98;104;1,9;jah
2024-03-13;6,7;101;2,3;jah
2024-03-14;6,48;101;3,4;jah
2024-03-15;6,39;113;4,3;jah
2024-03-16;7,53;135;4,1;jah
2024-03-17;9,74;152;3,8;jah
2024-03-18;11,6;162;2,4;jah
2024-03-19;13;160;2,5;jah
2024-03-20;12,7;149;3,2;jah
2024-03-21;11,3;141;3,4;jah
2024-03-22;10,3;139;3,8;jah
2024-03-23;10,1;146;4;jah
2024-03-24;10,9;153;3,8;jah
2024-03-25;11,8;154;3,7;jah
2024-03-26;12;150;3,5;jah
2024-03-27;11,5;148;4;jah
2024-03-28;11,2;146;5,3;jah
2024-03-29;11,1;146;5,9;jah
2024-03-30;11,1;145;5,4;jah
2024-03-31;10,9;142;5,7;jah
2024-04-01;10,7;140;6,9;jah
2024-04-02;10,4;137;7,1;jah
2024-04-03;10,1;136;4,8;jah
2024-04-04;10;138;3,1;jah
2024-04-05;10,3;138;2,9;jah
2024-04-06;10,3;137;3,1;jah
2024-04-07;10,2;144;4,5;jah
2024-04-08;11;152;5,9;jah
2024-04-09;11,9;154;7,1;jah
2024-04-10;12,3;152;8;jah
2024-04-11;12,1;147;8,2;jah
2024-04-12;11,3;140;8,4;jah
2024-04-13;10,5;134;8,7;jah
2024-04-14;9,86;130;8;jah
2024-04-15;9,36;133;7,4;jah
2024-04-16;9,69;139;7,2;jah
2024-04-17;10,4;138;7,3;jah
2024-04-18;10,2;131;6,1;jah
2024-04-19;9,43;123;4,4;jah
2024-04-20;8,59;117;3,3;jah
2024-04-21;7,98;112;4,4;jah
2024-04-22;7,54;109;4,8;jah
2024-04-23;7,16;115;3,5;jah
2024-04-24;7,76;133;4,2;jah
2024-04-25;9,61;145;5,3;jah
2024-04-26;10,9;150;6,1;jah
2024-04-27;11,5;149;7,1;jah
2024-04-28;11,3;139;8,2;jah
2024-04-29;10,2;130;9,7;jah
2024-04-30;9,18;121;11,1;jah
2024-05-01;8,26;114;11,4;jah
2024-05-02;7,61;109;10,9;jah
2024-05-03;7,12;105;10,8;jah
2024-05-04;6,76;102;11,1;jah
2024-05-05;6,5;99;11,3;jah
2024-05-06;6,24;96;10,4;jah
2024-05-07;5,97;93;9,2;jah
2024-05-08;5,71;90;8,8;jah
2024-05-09;5,49;88;7,9;jah
2024-05-10;5,27;87;7,8;jah
2024-05-11;5,19;87;8,6;jah
2024-05-12;5,23;86;9,7;jah
2024-05-13;5,15;85;10,6;jah
2024-05-14;5,02;84;11,6;jah
2024-05-15;4,93;83;12,6;jah
2024-05-16;4,81;83;13,6;jah
2024-05-17;4,66;81;14,4;jah
2024-05-18;4,47;80;14,7;jah
2024-05-19;4,28;79;14,8;jah
2024-05-20;4,15;79;15,3;jah
2024-05-21;4,07;79;14,8;jah
2024-05-22;3,94;78;14,2;jah
2024-05-23;3,78;78;14,7;jah
2024-05-24;3,69;78;15,7;jah
2024-05-25;3,63;78;16,4;jah
2024-05-26;3,56;79;17;jah
2024-05-27;3,53;81;17,3;jah
2024-05-28;3,53;81;17,7;jah
2024-05-29;3,49;82;18;jah
2024-05-30;3,46;83;18,2;jah
2024-05-31;3,42;84;18,3;jah
2024-06-01;3,39;85;17,9;jah
2024-06-02;3,35;89;17,8;jah
2024-06-03;3,45;94;17,9;jah
2024-06-04;3,65;94;17,8;jah
2024-06-05;3,59;94;17,7;jah
2024-06-06;3,46;93;17;jah
2024-06-07;3,3;93;15,9;jah
2024-06-08;3,17;93;15,2;jah
2024-06-09;3,06;93;14,2;jah
2024-06-10;3;96;13,8;jah
2024-06-11;3,03;98;14,1;jah
2024-06-12;3,03;98;14,5;jah
2024-06-13;2,9;98;14,7;jah
2024-06-14;2,82;99;14,2;jah
2024-06-15;2,75;99;14,2;jah
2024-06-16;2,62;99;15;jah
2024-06-17;2,5;98;16,1;jah
2024-06-18;2,37;99;16,9;jah
2024-06-19;2,29;101;16,3;jah
2024-06-20;2,31;106;16;jah
2024-06-21;2,52;108;16,3;jah
2024-06-22;2,56;104;16,6;jah
2024-06-23;2,34;102;16,6;jah
2024-06-24;2,22;102;16,8;jah
2024-06-25;2,15;101;17,3;jah
2024-06-26;2,11;101;18;jah
2024-06-27;2,05;100;18,8;jah
2024-06-28;1,97;100;19,7;jah
2024-06-29;1,95;100;20,2;jah
2024-06-30;1,91;100;19,8;jah
2024-07-01;1,85;100;19,6;jah
2024-07-02;1,83;101;18,4;jah
2024-07-03;1,83;102;17,7;jah
2024-07-04;1,81;104;17,1;jah
2024-07-05;1,85;105;16,7;jah
2024-07-06;1,89;106;16,2;jah
2024-07-07;1,92;110;16,2;jah
2024-07-08;2,07;111;16,2;jah
2024-07-09;2,11;109;16,5;jah
2024-07-10;2,01;105;17,2;jah
2024-07-11;1,87;103;17,6;jah
2024-07-12;1,79;103;17,9;jah
2024-07-13;1,79;103;18,2;jah
2024-07-14;1,81;105;18,6;jah
2024-07-15;1,87;104;18,5;jah
2024-07-16;1,85;102;18,9;jah
2024-07-17;1,77;100;18,9;jah
2024-07-18;1,69;99;18,5;jah
2024-07-19;1,65;99;18,6;jah
2024-07-20;1,66;99;18,4;jah
2024-07-21;1,64;105;18,4;jah
2024-07-22;1,87;112;18,9;jah
2024-07-23;2,03;110;;jah
2024-07-24;2,04;111;19,6;jah
2024-07-25;2,12;120;19,4;jah
2024-07-26;2,54;124;19,6;jah
2024-07-27;2,77;124;19,4;jah
2024-07-28;2,84;121;19,4;jah
2024-07-29;2,72;131;18,7;jah
2024-07-30;3,31;153;18,3;jah
2024-07-31;4,85;161;18,1;jah
2024-08-01;5,48;158;17,4;jah
2024-08-02;5,17;154;17;jah
2024-08-03;4,76;150;17;jah
2024-08-04;4,39;147;17;jah
2024-08-05;4,07;145;17;jah
2024-08-06;3,89;144;17,1;jah
2024-08-07;3,77;143;17,1;jah
2024-08-08;3,62;140;17;jah
2024-08-09;3,35;136;17,3;jah
2024-08-10;3,06;134;17,2;jah
2024-08-11;2,89;137;16,6;jah
2024-08-12;2,98;143;15,8;jah
2024-08-13;3,34;155;15,6;jah
2024-08-14;4,15;163;15,8;jah
2024-08-15;4,74;160;16;jah
2024-08-16;4,6;154;16,2;jah
2024-08-17;4,11;148;16,4;jah
2024-08-18;3,75;144;16,2;jah
2024-08-19;3,51;141;16,2;jah
2024-08-20;3,41;137;15,7;jah
2024-08-21;3,2;131;15,6;jah
2024-08-22;2,97;127;15,8;jah
2024-08-23;2,79;124;15,4;jah
2024-08-24;2,69;120;15,5;jah
2024-08-25;2,59;117;15,7;jah
2024-08-26;2,48;113;16,1;jah
2024-08-27;2,36;109;15,7;jah
2024-08-28;2,24;105;15,6;jah
2024-08-29;2,15;102;15,4;jah
2024-08-30;2,07;100;15,6;jah
2024-08-31;2,02;98;15,5;jah
2024-09-01;2,01;98;15,1;jah
2024-09-02;2,06;99;15,1;jah
2024-09-03;2,13;98;15,3;jah
2024-09-04;2,14;97;15,8;jah
2024-09-05;2,11;95;16,1;jah
2024-09-06;2,03;91;15,9;jah
2024-09-07;1,92;88;15,5;jah
2024-09-08;1,81;86;15,2;jah
2024-09-09;1,76;84;14,7;jah
2024-09-10;1,72;82;14,6;jah
2024-09-11;1,68;81;14,5;jah
2024-09-12;1,65;79;14,4;jah
2024-09-13;1,62;88;14,7;jah
2024-09-14;1,96;120;15,1;jah
2024-09-15;3,47;132;15,3;jah
2024-09-16;4,24;131;15,4;jah
2024-09-17;4,16;122;15,1;jah
2024-09-18;3,64;111;14,9;jah
2024-09-19;3,1;102;14,4;jah
2024-09-20;2,67;96;14;jah
2024-09-21;2,44;92;13,7;jah
2024-09-22;2,29;88;12,4;jah
2024-09-23;2,16;85;11,4;jah
2024-09-24;2,03;82;11,3;jah
2024-09-25;1,96;81;11,7;jah
2024-09-26;1,93;80;12,3;jah
2024-09-27;1,93;82;12,9;jah
2024-09-28;1,99;88;12,7;jah
2024-09-29;2,27;99;12;jah
2024-09-30;2,77;103;10,3;jah
2024-10-01;3,02;98;8,8;jah
2024-10-02;2,8;93;8,2;jah
2024-10-03;2,59;95;8,5;jah
2024-10-04;2,75;98;8,8;jah
2024-10-05;2,96;97;8,7;jah
2024-10-06;2,94;93;8,5;jah
2024-10-07;2,8;90;8,3;jah
2024-10-08;2,68;87;8,3;jah
2024-10-09;2,58;84;8,2;jah
2024-10-10;2,5;93;8,8;jah
2024-10-11;3;109;9,8;jah
2024-10-12;3,95;111;9,5;jah
2024-10-13;4,08;105;8,2;jah
2024-10-14;3,81;99;7,2;jah
2024-10-15;3,49;94;6,9;jah
2024-10-16;3,29;90;6,7;jah
2024-10-17;3,13;87;6,2;jah
2024-10-18;2,99;84;5,6;jah
2024-10-19;2,88;82;5,2;jah
2024-10-20;2,8;80;5;jah
2024-10-21;2,73;79;5,4;jah
2024-10-22;2,67;78;6,5;jah
2024-10-23;2,66;78;7,4;jah
2024-10-24;2,68;78;7,7;jah
2024-10-25;2,68;77;8,1;jah
2024-10-26;2,67;76;8,1;jah
2024-10-27;2,64;75;8,2;jah
2024-10-28;2,63;75;8,3;jah
2024-10-29;2,65;75;7,5;jah
2024-10-30;2,68;76;7;jah
2024-10-31;2,71;76;6,2;jah
2024-11-01;2,74;79;6,5;jah
2024-11-02;5,49;116;6,2;jah
2024-11-03;7,49;140;5;jah
2024-11-04;8,37;148;4,5;jah
2024-11-05;8,76;151;4,6;jah
2024-11-06;8,69;149;5,8;jah
2024-11-07;8,03;142;6,8;jah
2024-11-08;7,29;134;7;jah
2024-11-09;6,61;125;7,1;jah
2024-11-10;6,06;118;7,2;jah
2024-11-11;5,58;111;6,6;jah
2024-11-12;5,27;107;6,1;jah
2024-11-13;5,07;103;6;jah
2024-11-14;4,96;101;6;jah
2024-11-15;4,94;101;5,5;jah
2024-11-16;4,94;100;5,8;jah
2024-11-17;4,91;99;5,8;jah
2024-11-18;4,89;98;5,2;jah
2024-11-19;4,92;98;4,5;jah
2024-11-20;4,97;99;3,9;jah
2024-11-21;5,73;108;3,2;jah
2024-11-22;6,92;122;2,2;jah
2024-11-23;7,56;128;1,5;jah
2024-11-24;7,71;129;1,2;jah
2024-11-25;7,71;129;1,8;jah
2024-11-26;9,29;144;3,2;jah
2024-11-27;12,6;171;4,2;jah
2024-11-28;14,4;182;4,8;jah
2024-11-29;14,8;185;4,9;jah
2024-11-30;14,7;184;4,8;jah
2024-12-01;13,9;179;5,2;jah
2024-12-02;12,3;168;5,2;jah
2024-12-03;10,8;156;4,8;jah
2024-12-04;9,67;146;3,2;jah
2024-12-05;8,57;135;1,6;jah
2024-12-06;7,75;126;1,8;jah
2024-12-07;7,19;120;2,1;jah
2024-12-08;6,73;115;2,4;jah
2024-12-09;6,3;109;2,4;jah
2024-12-10;5,97;105;2,5;jah
2024-12-11;5,96;103;2,7;jah
2024-12-12;5,93;100;1,8;jah
2024-12-13;6;93;0,9;jah
2024-12-14;6,12;95;1,6;jah
2024-12-15;6,25;108;2,1;jah
2024-12-16;6,38;116;1,7;jah
2024-12-17;6,51;117;1,6;jah
2024-12-18;6,64;115;1,3;jah
2024-12-19;7,02;115;1,5;jah
2024-12-20;10,1;144;2,9;jah
2024-12-21;13,2;167;2,4;jah
2024-12-22;15,1;179;2,5;jah
2024-12-23;16,1;186;3;jah
2024-12-24;16,7;190;2,8;jah
2024-12-25;16,8;191;3;jah
2024-12-26;16,6;189;4;jah
2024-12-27;16,1;186;4,7;jah
2024-12-28;15,3;182;4,6;jah
2024-12-29;14,4;177;4,5;jah
2024-12-30;13,8;173;4,5;jah
2024-12-31;13,8;173;2,9;jah
2025-01-01;13,6;172;1,6;jah
2025-01-02;14,4;177;1,3;jah
2025-01-03;14,8;180;0,7;jah
2025-01-04;14,6;179;0,3;jah
2025-01-05;13,7;173;0,6;jah
2025-01-06;12,5;165;0,7;jah
2025-01-07;11,3;157;0,7;jah
2025-01-08;10,6;152;1,4;jah
2025-01-09;10,7;152;1,9;jah
2025-01-10;11,2;156;1,6;jah
2025-01-11;11,4;157;1,3;jah
2025-01-12;11,3;157;1,2;jah
2025-01-13;10,7;152;0,8;jah
2025-01-14;11;154;1,7;jah
2025-01-15;13,1;169;2,4;jah
2025-01-16;14,8;180;2,3;jah
2025-01-17;16,3;189;2,4;jah
2025-01-18;17,2;194;1,8;jah
2025-01-19;17,6;197;1,1;jah
2025-01-20;18;199;1,4;jah
2025-01-21;18;199;0,7;jah
2025-01-22;17,5;196;0,5;jah
2025-01-23;17;192;1,5;jah
2025-01-24;16,5;187;2,1;jah
2025-01-25;16;182;2,3;jah
2025-01-26;16,1;182;2,9;jah
2025-01-27;16,8;184;2,8;jah
2025-01-28;17,7;188;2,7;jah
2025-01-29;18,9;194;3,2;jah
2025-01-30;20,2;199;3,5;jah
2025-01-31;21,2;203;3,7;jah
2025-02-01;21,9;205;3,1;jah
2025-02-02;22,1;205;2,1;jah
2025-02-03;21,8;203;1,3;jah
2025-02-04;21,1;199;0,5;jah
2025-02-05;20,1;194;0,5;jah
2025-02-06;18,9;187;1,3;jah
2025-02-07;17,6;180;1,7;jah
2025-02-08;15,9;170;1,1;jah
2025-02-09;14,1;159;0,6;jah
2025-02-10;12,2;146;0,6;jah
2025-02-11;11,6;142;1,2;jah
2025-02-12;10,8;136;1,2;jah
2025-02-13;10,1;131;1,1;jah
2025-02-14;9,6;127;1;jah
2025-02-15;9,2;122;0,7;jah
2025-02-16;8,88;116;0,1;jah
2025-02-17;8,57;117;0,4;jah
2025-02-18;8,26;114;0,5;jah
2025-02-19;7,97;113;0,5;jah
2025-02-20;7,68;109;0,2;jah
2025-02-21;7,4;106;0,6;jah
2025-02-22;7,16;105;1,3;jah
2025-02-23;7,01;104;1,6;jah
2025-02-24;6,87;102;2;jah
2025-02-25;6,68;101;1,8;jah
2025-02-26;6,49;99;1,7;jah
2025-02-27;6,42;98;2,6;jah
2025-02-28;6,47;99;3,2;jah
2025-03-01;6,55;100;3,4;jah
2025-03-02;6,64;101;3,4;jah
2025-03-03;6,9;104;3,3;jah
2025-03-04;7,39;109;3,1;jah
2025-03-05;7,9;115;3,1;jah
2025-03-06;9,29;128;4;jah
2025-03-07;10,4;138;4,3;jah
2025-03-08;10,4;138;4,2;jah
2025-03-09;9,84;134;4;jah
2025-03-10;9,19;128;3,9;jah
2025-03-11;8,71;124;3,9;jah
2025-03-12;8,25;119;3,1;jah
2025-03-13;7,94;116;2,8;jah
2025-03-14;8,05;116;2,9;jah
2025-03-15;7,85;114;2,5;jah
2025-03-16;7,6;111;2,7;jah
2025-03-17;7,36;108;2,4;jah
2025-03-18;7,12;106;2,8;jah
2025-03-19;7,14;106;3,6;jah
2025-03-20;7,13;105;4;jah
2025-03-21;6,97;103;3,6;jah
2025-03-22;6,72;100;3,1;jah
2025-03-23;6,49;98;3,2;jah
2025-03-24;6,34;96;3,1;jah
2025-03-25;6,33;96;3,6;jah
2025-03-26;6,49;97;4,6;jah
2025-03-27;6,48;97;4,7;jah
2025-03-28;6,3;96;4,9;jah
2025-03-29;6,21;95;5,7;jah
2025-03-30;6,09;93;6,3;jah
2025-03-31;5,94;92;6,9;jah
2025-04-01;5,7;89;7,2;jah
2025-04-02;5,49;87;7,3;jah
2025-04-03;5,38;86;8;jah
2025-04-04;5,21;84;7,9;jah
2025-04-05;5,06;83;6,5;jah
2025-04-06;4,81;80;5;jah
2025-04-07;4,6;78;4,3;jah
2025-04-08;4,51;77;4,2;jah
2025-04-09;4,44;76;4,2;jah
2025-04-10;4,44;76;3,8;jah
2025-04-11;4,39;75;3,7;jah
2025-04-12;4,41;76;3,3;jah
2025-04-13;4,39;76;4;jah
2025-04-14;4,39;75;6,2;jah
2025-04-15;4,31;75;8,4;jah
2025-04-16;4,19;73;9,7;jah
2025-04-17;4,09;72;10,2;jah
2025-04-18;4,07;72;10,8;jah
2025-04-19;4,09;72;12,1;jah
2025-04-20;4,81;80;12,6;jah
2025-04-21;5,28;85;12,1;jah
2025-04-22;4,83;80;10,9;jah
2025-04-23;4,65;79;9,8;jah
2025-04-24;4,58;78;9,1;jah
2025-04-25;4,36;76;7,9;jah
2025-04-26;4,13;74;7,1;jah
2025-04-27;3,91;71;6,9;jah
2025-04-28;3,87;71;7,8;jah
2025-04-29;4,36;77;9,1;jah
2025-04-30;4,7;81;8,7;jah
2025-05-01;6,19;98;7,3;jah
2025-05-02;6,39;100;8,2;jah
2025-05-03;6,93;107;10;jah
2025-05-04;7,03;108;10,1;jah
2025-05-05;6,25;100;8,9;jah
2025-05-06;5,71;94;7,9;jah
2025-05-07;6,06;98;7,6;jah
2025-05-08;5,91;97;7,1;jah
2025-05-09;5,44;92;7,2;jah
2025-05-10;5,06;88;7,5;jah
2025-05-11;4,74;84;8,5;jah
2025-05-12;4,5;82;9,7;jah
2025-05-13;4,32;80;10,5;jah
2025-05-14;4,2;79;10,7;jah
2025-05-15;4,06;78;10,1;jah
2025-05-16;3,95;77;9,8;jah
2025-05-17;4,46;84;9,9;jah
2025-05-18;4,53;86;10,6;jah
2025-05-19;4,28;84;12,3;jah
2025-05-20;4;81;13,1;jah
2025-05-21;3,75;78;13,1;jah
2025-05-22;3,58;77;13,1;jah
2025-05-23;3,57;77;12,9;jah
2025-05-24;3,69;80;11,9;jah
2025-05-25;4,21;88;11,6;jah
2025-05-26;4,45;92;12,2;jah
2025-05-27;4,18;89;13,4;jah
2025-05-28;3,86;86;14,3;jah
2025-05-29;3,66;84;14,6;jah
2025-05-30;3,59;84;14,5;jah
2025-05-31;3,47;83;14,8;jah
2025-06-01;3,29;81;14,6;jah
2025-06-02;3,18;80;13,8;jah
2025-06-03;3,26;82;13,7;jah
2025-06-04;3,19;83;13,9;jah
2025-06-05;3,05;81;14,2;jah
2025-06-06;3,02;82;14;jah
2025-06-07;3,03;83;14,5;jah
2025-06-08;2,94;83;15;jah
2025-06-09;3,12;88;14,6;jah
2025-06-10;4,32;109;13,9;jah
2025-06-11;4,7;117;13,8;jah
2025-06-12;5,15;125;13,4;jah
2025-06-13;5,91;136;13,9;jah
2025-06-14;5,6;134;14,7;jah
2025-06-15;4,77;124;15,3;jah
2025-06-16;4,03;114;15,8;jah
2025-06-17;3,71;109;15,4;jah
2025-06-18;3,81;111;14,8;jah
2025-06-19;4,02;115;14,4;jah
2025-06-20;4,87;128;14,3;jah
2025-06-21;6,34;146;13,6;jah
2025-06-22;6,7;150;13,3;jah
2025-06-23;6,11;144;13,4;jah
2025-06-24;5,43;136;13,6;jah
2025-06-25;5,22;134;13,4;jah
2025-06-26;5,38;136;13,8;jah
2025-06-27;5,23;134;14,2;jah
2025-06-28;5,34;136;14;jah
2025-06-29;6,09;145;14,1;jah
2025-06-30;6,24;147;14,1;jah
2025-07-01;5,69;141;14,8;jah
2025-07-02;4,92;132;15,8;jah
2025-07-03;4,23;122;16,9;jah
2025-07-04;3,67;114;16,8;jah
2025-07-05;3,3;108;15,7;jah
2025-07-06;3,35;110;14,7;jah
2025-07-07;3,5;113;14,5;jah
2025-07-08;3,69;117;14,8;jah
2025-07-09;4,07;125;15,4;jah
2025-07-10;4,15;127;15,1;jah
2025-07-11;4,04;126;15;jah
2025-07-12;4,69;135;15,3;jah
2025-07-13;5,58;148;15,8;jah
2025-07-14;5,73;150;16,4;jah
2025-07-15;5,84;152;16,7;jah
2025-07-16;7,21;165;16,9;jah
2025-07-17;7,51;168;17,6;jah
2025-07-18;6,64;159;18,3;jah
2025-07-19;5,52;147;18,7;jah
2025-07-20;4,51;133;18,6;jah
2025-07-21;3,83;122;18,5;jah
2025-07-22;3,44;115;18,3;jah
2025-07-23;3,18;109;18,5;jah
2025-07-24;2,97;104;18,7;jah
2025-07-25;2,77;99;19,3;jah
2025-07-26;2,62;95;19,5;jah
2025-07-27;2,5;92;19,3;jah
2025-07-28;2,43;90;19,1;jah
2025-07-29;2,42;89;19,3;jah
2025-07-30;2,39;88;19,6;jah
2025-07-31;2,4;87;19,5;jah
2025-08-01;2,77;94;18,8;jah
2025-08-02;3,79;113;18,1;jah
2025-08-03;3,88;114;17,9;jah
2025-08-04;3,55;107;18,3;jah
2025-08-05;4,11;116;18,1;jah
2025-08-06;4,42;121;17,4;jah
2025-08-07;4,21;117;16,7;jah
2025-08-08;3,8;109;16,3;jah
2025-08-09;3,49;103;16,3;jah
2025-08-10;3,38;100;16,3;jah
2025-08-11;3,51;102;16,1;jah
2025-08-12;3,47;101;15,9;jah
2025-08-13;3,27;97;15,7;jah
2025-08-14;3;91;15,6;jah
2025-08-15;2,88;89;15,8;jah
2025-08-16;3,01;91;16,1;jah
2025-08-17;3,2;94;15,3;jah
2025-08-18;3,29;95;14,7;jah
2025-08-19;3,24;94;14,5;jah
2025-08-20;3,7;102;14,4;jah
2025-08-21;3,8;103;13,5;jah
2025-08-22;3,68;101;13,2;jah
2025-08-23;3,79;102;12,9;jah
2025-08-24;3,78;102;12,6;jah
2025-08-25;3,86;103;12,4;jah
2025-08-26;4,35;110;12,1;jah
2025-08-27;4,67;115;11,9;jah
2025-08-28;4,6;113;12;jah
2025-08-29;4,4;110;12,2;jah
2025-08-30;4,57;112;12,7;jah
2025-08-31;4,87;115;13,1;jah
2025-09-01;4,8;114;13,4;jah
2025-09-02;4,57;110;13,7;jah
2025-09-03;4,34;105;13,8;jah
2025-09-04;4,13;101;14,2;jah
2025-09-05;3,96;97;14,4;jah
2025-09-06;3,78;93;14,7;jah
2025-09-07;3,69;91;15,4;jah
2025-09-08;3,61;88;15,7;jah
2025-09-09;3,47;85;15,5;jah
2025-09-10;3,33;82;15,3;jah
2025-09-11;3,2;80;15,3;jah
2025-09-12;3,07;78;14,7;jah
2025-09-13;3,19;80;14,5;jah
2025-09-14;3,51;85;14,3;jah
2025-09-15;3,54;86;13,8;jah
2025-09-16;4,05;94;13,5;jah
2025-09-17;5,61;118;13,5;jah
2025-09-18;6,51;130;13,3;jah
2025-09-19;6,87;135;13,3;jah
2025-09-20;7,48;142;13,2;jah
2025-09-21;7,64;145;13,5;jah
2025-09-22;7,27;142;13,9;jah
2025-09-23;6,54;134;12,8;jah
2025-09-24;5,85;125;10,9;jah
2025-09-25;5,26;116;9,5;jah
2025-09-26;4,8;108;9,2;jah
2025-09-27;4,51;102;9,5;jah
2025-09-28;4,28;98;9,4;jah
2025-09-29;4,07;93;8,6;jah
2025-09-30;3,91;90;7,6;jah
2025-10-01;3,8;87;7,5;jah
2025-10-02;3,68;84;7,4;jah
2025-10-03;3,63;83;6,9;jah
2025-10-04;3,6;81;6,5;jah
2025-10-05;3,64;81;6,9;jah
2025-10-06;3,82;83;7,9;jah
2025-10-07;3,93;83;8,7;jah
2025-10-08;3,76;81;8,8;jah
2025-10-09;3,66;80;9;jah
2025-10-10;3,71;80;9,2;jah
2025-10-11;3,96;84;8,9;jah
2025-10-12;4,03;85;8,2;jah
2025-10-13;4,35;89;7,7;jah
2025-10-14;4,6;92;7,4;jah
2025-10-15;4,58;92;7,3;jah
2025-10-16;4,54;92;7,7;jah
2025-10-17;4,44;90;7,2;jah
2025-10-18;4,25;88;6,1;jah
2025-10-19;4,01;85;4,8;jah
2025-10-20;3,82;82;4,8;jah
2025-10-21;3,7;80;4,7;jah
2025-10-22;3,55;78;4,7;jah
2025-10-23;3,49;78;5,2;jah
2025-10-24;3,61;79;6,1;jah
2025-10-25;3,72;81;7,2;jah
2025-10-26;4,39;90;8,1;jah
2025-10-27;6,36;115;8,1;jah
2025-10-28;7,14;124;7,4;jah
2025-10-29;7,24;125;7,2;jah
2025-10-30;7,14;124;6,8;jah
2025-10-31;7,05;122;6,9;jah
2025-11-01;7,42;126;7,4;jah
2025-11-02;7,47;126;7,4;jah
2025-11-03;7,25;123;7,6;jah
2025-11-04;7,09;120;7,9;jah
2025-11-05;6,89;117;8,5;jah
2025-11-06;6,74;115;9;jah
2025-11-07;6,77;115;9,2;jah
2025-11-08;7,03;117;9;jah
2025-11-09;7,07;117;8,5;jah
2025-11-10;6,84;114;8,1;jah
2025-11-11;6,53;110;7,7;jah
2025-11-12;6,23;106;7,4;jah
2025-11-13;6,07;104;7,3;jah
2025-11-14;8,03;125;6,9;jah
2025-11-15;10,5;147;5;jah
2025-11-16;11,5;154;3,9;jah
2025-11-17;11,5;154;3,7;jah
2025-11-18;10,8;148;3;jah
2025-11-19;9,97;142;2,3;jah
2025-11-20;9,43;137;2,9;jah
2025-11-21;9,01;133;3,4;jah
2025-11-22;8,76;131;3,3;jah
2025-11-23;8,66;129;3,1;jah
2025-11-24;8,71;130;3,2;jah
2025-11-25;8,84;131;3;jah
2025-11-26;8,66;129;2,3;jah
2025-11-27;7,88;121;1,3;jah
2025-11-28;7,49;116;1,9;jah
2025-11-29;7,25;113;2,9;jah
2025-11-30;7,52;116;3,3;jah
2025-12-01;8,1;122;3,6;jah
2025-12-02;8,52;125;4;jah
2025-12-03;8,61;126;4,3;jah
2025-12-04;8,43;124;4;jah
2025-12-05;8,11;121;4,1;jah
2025-12-06;7,72;116;4,6;jah
2025-12-07;7,73;116;4,9;jah
2025-12-08;8,45;123;4,4;jah
2025-12-09;9,33;131;4,6;jah
2025-12-10;10,9;144;5,2;jah
2025-12-11;12,1;152;5,5;jah
2025-12-12;12,5;155;5,2;jah
2025-12-13;12,1;152;3;jah
2025-12-14;11;143;1,8;jah
2025-12-15;9,8;133;2,3;jah
2025-12-16;9,65;132;3,8;jah
2025-12-17;10,7;141;4,5;jah
2025-12-18;12,1;152;4,6;jah
2025-12-19;12,3;154;4,8;jah
2025-12-20;11,9;151;5;jah
2025-12-21;11,7;150;5,3;jah
2025-12-22;11,5;149;4,7;jah
2025-12-23;10,7;144;2,9;jah
2025-12-24;9,6;135;1,9;jah
2025-12-25;8,68;127;2,8;jah
2025-12-26;8,27;123;3,4;jah
2025-12-27;7,99;121;3,6;jah
2025-12-28;7,9;120;2,9;jah
2025-12-29;7,74;119;1,8;jah
2025-12-30;7,32;115;1;jah
2025-12-31;6,89;108;0,3;jah
2026-01-01;6,53;111;0,1;ei
2026-01-02;6,18;128;0,1;ei
2026-01-03;5,84;139;0,1;ei
2026-01-04;5,49;127;0,5;ei
2026-01-05;5,15;102;0,7;ei
2026-01-06;4,88;91;0,1;ei
2026-01-07;4,82;110;0,2;ei
2026-01-08;4,77;118;0,1;ei
2026-01-09;4,72;126;0,1;ei
2026-01-10;4,67;125;0,2;ei
2026-01-11;4,62;123;0,2;ei
2026-01-12;4,57;119;0,2;ei
2026-01-13;4,52;112;0,2;ei
2026-01-14;4,48;104;0,2;ei
2026-01-15;4,43;100;0,2;ei
2026-01-16;4,38;98;0,2;ei
2026-01-17;4,33;97;0,2;ei
2026-01-18;4,29;98;0,2;ei
2026-01-19;4,24;100;0,2;ei
2026-01-20;4,19;93;0,2;ei
2026-01-21;4,15;89;0,2;ei
2026-01-22;4,1;88;0,2;ei
2026-01-23;4,06;86;0,2;ei
2026-01-24;4,01;81;0,2;ei
2026-01-25;3,97;66;0,1;ei
2026-01-26;3,94;85;0,2;ei
2026-01-27;3,9;91;0,2;ei
2026-01-28;3,86;88;0,1;ei
2026-01-29;3,83;83;0,1;ei
2026-01-30;3,79;82;0,2;ei
2026-01-31;3,75;79;0,2;ei
2026-02-01;3,72;80;0,2;ei
2026-02-02;3,68;80;0,2;ei
2026-02-03;3,65;81;0,2;ei
2026-02-04;3,61;81;0,2;ei
2026-02-05;3,59;81;0,2;ei
2026-02-06;3,55;81;0,2;ei
2026-02-07;3,52;82;0,2;ei
2026-02-08;3,51;81;0,2;ei
2026-02-09;3,47;80;0,2;ei
2026-02-10;3,45;80;0,2;ei
2026-02-11;3,45;80;0,2;ei
2026-02-12;3,44;80;0,2;ei
2026-02-13;3,43;78;0,2;ei
2026-02-14;3,4;68;0,2;ei
2026-02-15;3,37;72;0,2;ei
2026-02-16;3,35;77;0,2;ei
2026-02-17;3,32;75;0,2;ei
2026-02-18;3,29;74;0,2;ei
2026-02-19;3,26;76;0,2;ei
2026-02-20;3,24;76;0,2;ei
2026-02-21;3,2;76;0,2;ei
2026-02-22;3,17;78;0,2;ei
2026-02-23;3,15;78;0,2;ei
2026-02-24;3,13;77;0,2;ei
2026-02-25;3,1;76;0,2;ei
2026-02-26;3,13;75;0,2;ei
2026-02-27;3,39;77;0,2;ei
2026-02-28;3,97;82;0,2;ei
2026-03-01;5,1;95;0,2;ei
2026-03-02;7,5;120;0,2;ei
2026-03-03;8,21;125;0,2;ei
2026-03-04;7,67;117;0,9;ei
2026-03-05;7,12;109;2;ei
2026-03-06;6,04;95;2,1;ei
2026-03-07;5,58;88;2,3;ei
2026-03-08;5,19;82;2,3;ei
2026-03-09;5,09;79;2,6;ei
2026-03-10;5,32;80;3;ei
2026-03-11;5,47;82;3,3;ei
2026-03-12;5,98;86;3,7;ei
2026-03-13;7,1;97;3,7;ei
2026-03-14;7,57;102;3,8;ei
2026-03-15;7,82;104;4;ei
2026-03-16;7,88;105;4,2;ei
2026-03-17;8,08;107;3,9;ei
2026-03-18;7,91;105;4,1;ei
2026-03-19;7,58;102;3,8;ei
2026-03-20;7,15;97;3,7;ei
2026-03-21;6,73;93;3,8;ei
2026-03-22;6,3;89;3,9;ei
2026-03-23;6,03;87;4,3;ei
2026-03-24;5,85;85;4,7;ei
2026-03-25;5,77;84;5,6;ei
2026-03-26;5,88;85;6,5;ei
2026-03-27;5,67;83;5,9;ei
2026-03-28;5,35;80;5,3;ei
2026-03-29;5,07;77;4,9;ei
2026-03-30;4,89;75;5,2;ei
2026-03-31;4,82;74;6;ei
2026-04-01;4,65;73;6,2;ei
2026-04-02;4,52;71;5,9;ei
2026-04-03;4,53;71;6,6;ei
2026-04-04;4,55;72;6,9;ei
2026-04-05;4,76;74;6,5;ei
2026-04-06;4,92;75;5,9;ei
2026-04-07;5,13;77;5,7;ei
2026-04-08;5,04;76;5,4;ei
2026-04-09;4,69;72;5;ei
2026-04-10;4,42;69;4,9;ei
2026-04-11;4,3;68;5,3;ei
2026-04-12;4,16;66;5,8;ei
2026-04-13;4,04;65;6,5;ei
2026-04-14;3,97;64;7,1;ei
2026-04-15;3,87;63;7,6;ei
2026-04-16;3,92;63;8,1;ei
2026-04-17;4,2;66;8,6;ei
2026-04-18;4,22;65;8,9;ei
2026-04-19;3,92;62;8,1;ei
2026-04-20;3,69;60;7,4;ei
2026-04-21;3,62;59;7,7;ei
2026-04-22;3,54;58;8;ei
2026-04-23;3,5;58;7,9;ei
2026-04-24;3,37;57;8;ei
2026-04-25;3,37;56;7,7;ei
2026-04-26;3,65;59;6,6;ei
2026-04-27;3,65;59;6,2;ei
2026-04-28;3,45;57;6,2;ei
2026-04-29;3,28;55;6,7;ei
2026-04-30;3,15;54;6,6;ei
2026-05-01;3,18;54;8,2;ei
2026-05-02;3,22;54;10,5;ei
2026-05-03;3,16;53;11,4;ei
2026-05-04;3,26;54;11,4;ei
2026-05-05;3,22;54;11,7;ei
2026-05-06;3,02;52;11;ei
2026-05-07;2,89;51;10,8;ei
2026-05-08;2,76;49;10,7;ei
2026-05-09;2,66;49;10,5;ei
2026-05-10;2,66;48;10,5;ei
2026-05-11;2,74;49;11,3;ei
2026-05-12;2,73;49;12,3;ei
2026-05-13;2,8;50;12,7;ei
2026-05-14;3,52;56;12,4;ei
2026-05-15;3,41;56;12,4;ei
2026-05-16;3,02;53;13,1;ei
2026-05-17;2,92;52;13,8;ei
2026-05-18;2,74;51;13,5;ei
2026-05-19;3,1;55;14;ei
2026-05-20;3,12;56;14,2;ei
2026-05-21;2,83;53;13,6;ei
2026-05-22;2,91;54;13,2;ei
2026-05-23;3,68;63;14;ei
2026-05-24;3,34;60;15,2;ei
2026-05-25;2,98;57;15,3;ei
2026-05-26;2,73;55;14,5;ei
2026-05-27;2,62;54;13,6;ei
2026-05-28;2,67;55;12,8;ei
2026-05-29;2,52;54;12,5;ei
2026-05-30;2,38;53;13,4;ei
2026-05-31;2,34;53;14,1;ei
2026-06-01;2,27;53;14,4;ei
2026-06-02;2,24;53;14,8;ei
2026-06-03;2,17;53;15,4;ei
2026-06-04;2,2;54;16,4;ei
2026-06-05;2,19;54;16,6;ei
2026-06-06;2,35;56;16,3;ei
2026-06-07;3,11;66;16,1;ei
2026-06-08;2,77;62;16,7;ei
2026-06-09;2,66;61;16,3;ei
2026-06-10;2,85;64;16,1;ei
2026-06-11;2,76;63;15,5;ei
2026-06-12;2,99;67;15,3;ei
2026-06-13;3,06;68;14,5;ei
2026-06-14;3,44;74;13,7;ei
2026-06-15;3,87;80;13,5;ei
2026-06-16;4,6;90;13,7;ei
2026-06-17;4,86;94;13,4;ei
2026-06-18;5,9;108;13,9;ei
2026-06-19;6,2;113;15,1;ei
2026-06-20;5,17;100;16,4;ei
2026-06-21;4,37;90;17,3;ei
2026-06-22;5,73;109;17,3;ei
2026-06-23;5,45;106;16,9;ei
2026-06-24;4,48;94;16;ei
2026-06-25;4,28;92;15,7;ei
2026-06-26;3,92;88;16,3;ei
2026-06-27;3,47;82;17,6;ei
2026-06-28;3,15;78;18,2;ei
2026-06-29;3,01;76;18,9;ei
2026-06-30;2,86;74;19,7;ei
2026-07-01;2,64;71;19,8;ei
2026-07-02;2,57;71;19,2;ei
2026-07-03;2,75;74;17,9;ei
2026-07-04;2,8;76;17,1;ei
2026-07-05;3,16;82;16,4;ei
2026-07-06;4,41;103;16;ei
2026-07-07;5,62;121;15,3;ei
2026-07-08;5,59;121;14,5;ei
2026-07-09;6,16;129;14,6;ei
2026-07-10;7,68;147;14,9;ei
2026-07-11;7,81;149;15,8;ei
2026-07-12;7,12;143;17,2;ei
2026-07-13;6,09;132;18;ei
2026-07-14;5,06;120;17,6;ei
2026-07-15;4,36;109;17,1;ei
2026-07-16;3,87;100;17,2;ei
2026-07-17;3,48;93;17,8;ei
2026-07-18;3,18;88;18,2;ei
2026-07-19;2,99;84;18,2;ei
2026-07-20;2,85;81;17,4;ei
2026-07-21;2,92;82;16,2;ei
2026-07-22;3,21;86;15,2;ei
2026-07-23;3,09;84;14,7;ei
2026-07-24;2,94;81;15,1;ei
2026-07-25;2,76;78;15,3;ei
2026-07-26;2,65;75;15,6;ei
2026-07-27;2,74;77;15,7;ei
2026-07-28;2,85;78;15,9;ei
2026-07-29;2,75;76;16,1;ei
2026-07-30;2,64;74;16,5;ei
2026-07-31;2,55;72;17,5;ei
2026-08-01;2,54;71;18,1;ei
2026-08-02;2,56;71;18;ei
2026-08-03;2,51;70;17,3;ei
2026-08-04;2,39;68;17;ei
2026-08-05;2,29;66;17,1;ei
2026-08-06;2,25;65;17,7;ei
2026-08-07;2,19;64;17,6;ei
2026-08-08;2,13;62;17,1;ei
2026-08-09;2,09;61;16,5;ei
2026-08-10;2,08;61;16,4;ei
2026-08-11;2,26;64;16,2;ei
2026-08-12;2,46;67;15,3;ei
2026-08-13;2,23;63;14,9;ei
2026-08-14;2,06;60;15,3;ei
2026-08-15;2,01;60;15,9;ei
2026-08-16;2,01;60;16,5;ei
2026-08-17;1,96;59;16,4;ei
2026-08-18;1,84;57;16;ei
2026-08-19;1,71;55;15,5;ei
2026-08-20;1,65;55;14,8;ei
2026-08-21;1,77;57;15;ei
2026-08-22;1,98;60;14,8;ei
2026-08-23;3,39;83;14,6;ei
2026-08-24;4,06;94;14,6;ei
2026-08-25;3,4;84;14,4;ei
2026-08-26;2,91;77;14,1;ei
2026-08-27;2,57;71;14;ei
2026-08-28;2,33;68;14,2;ei
2026-08-29;2,15;65;14,5;ei
2026-08-30;2,14;65;14,9;ei
2026-08-31;2,21;66;15;ei
2026-09-01;2,17;66;14,9;ei
2026-09-02;2,08;64;15,1;ei
2026-09-03;1,99;63;14,8;ei
2026-09-04;3,94;95;14,1;ei
2026-09-05;6,99;136;13,5;ei
2026-09-06;7,37;141;13,3;ei
2026-09-07;7,16;139;12,7;ei
2026-09-08;6,61;133;12,8;ei
2026-09-09;5,77;123;13,6;ei
2026-09-10;5,27;116;14;ei
2026-09-11;7,19;138;13,5;ei
2026-09-12;9,55;160;12,7;ei
2026-09-13;10,5;168;12,6;ei
2026-09-14;10,3;166;13,1;ei
2026-09-15;9,41;159;12,3;ei
2026-09-16;8,12;148;11,7;ei
2026-09-17;6,93;136;12,5;ei
2026-09-18;6,02;126;12,8;ei
2026-09-19;5,86;124;12,8;ei
2026-09-20;6,36;130;13,2;ei
2026-09-21;7,4;141;12,8;ei
2026-09-22;7,62;143;11,8;ei
